,Apple,Bread,Butter,Cheese,Corn,Dill,Eggs,Ice cream,Kidney Beans,Milk,Nutmeg,Onion,Sugar,Unicorn,Yogurt,chocolate,item
0,,2,,,5,6,,8,,,,,13,,15,16,"i2,i5,i6,i8,i13,i15,i16"
1,,,,,,,,,,10,,,,,,,"i10,"
2,1,,3,,,6,,8,,10,,,,,15,16,"i1,i3,i6,i8,i10,i15,i16"
3,,,3,4,,6,,,,10,11,12,,,,,"i3,i4,i6,i10,i11,i12,"
4,1,2,,,,,,,,,,,,,,,"i1,i2,"
5,1,2,3,4,,6,,8,,,11,,,14,15,16,"i1,i2,i3,i4,i6,i8,i11,i14,i15,i16"
6,,,3,,,,7,8,9,10,11,12,,,15,,"i3,i7,i8,i9,i10,i11,i12,i15,"
7,1,,,4,,,7,,,,11,,13,,15,,"i1,i4,i7,i11,i13,i15,"
8,1,,,,5,6,7,8,,10,11,12,13,14,15,16,"i1,i5,i6,i7,i8,i10,i11,i12,i13,i14,i15,i16"
9,1,,,,,6,7,8,,10,,12,13,14,,16,"i1,i6,i7,i8,i10,i12,i13,i14,i16"
10,1,2,,4,,,,8,,,,,13,14,,,"i1,i2,i4,i8,i13,i14,"
11,1,2,,4,,6,7,8,9,,11,,13,,15,16,"i1,i2,i4,i6,i7,i8,i9,i11,i13,i15,i16"
12,,,,,,,,,,,,12,,14,,16,"i12,i14,i16"
13,,,,,,,,8,,,,,13,,15,,"i8,i13,i15,"
14,,,3,,,,,,9,,,,,,,,"i3,i9,"
15,,,,,,,,,,,,,,,15,,"i15,"
16,1,2,3,4,,,,8,,,11,,13,,,,"i1,i2,i3,i4,i8,i11,i13,"
17,1,,,,,,7,,,,,,,,15,16,"i1,i7,i15,i16"
18,,2,,4,,,,,9,,,,13,,,,"i2,i4,i9,i13,"
19,,2,,,5,,,8,9,10,11,,13,14,,,"i2,i5,i8,i9,i10,i11,i13,i14,"
20,1,,,4,,,,8,,,,,13,14,,,"i1,i4,i8,i13,i14,"
21,1,,3,4,,,,,9,,,,,14,15,,"i1,i3,i4,i9,i14,i15,"
22,,2,,4,,6,7,8,9,10,,,,14,15,16,"i2,i4,i6,i7,i8,i9,i10,i14,i15,i16"
23,,2,3,4,,,7,8,9,,,,13,14,,16,"i2,i3,i4,i7,i8,i9,i13,i14,i16"
24,,2,,,5,,7,,9,10,11,12,,14,15,,"i2,i5,i7,i9,i10,i11,i12,i14,i15,"
25,,2,3,,,,7,,,10,,,,,15,16,"i2,i3,i7,i10,i15,i16"
26,,2,3,4,5,,,,9,10,,,,14,,16,"i2,i3,i4,i5,i9,i10,i14,i16"
27,,2,3,,,,,,,,,,,,,,"i2,i3,"
28,,2,3,,,,,,9,10,11,,,14,15,16,"i2,i3,i9,i10,i11,i14,i15,i16"
29,1,2,,,,,,8,,,,12,,,15,,"i1,i2,i8,i12,i15,"
30,,,,,5,6,,,,10,,,,14,,16,"i5,i6,i10,i14,i16"
31,1,2,3,,,6,,,,10,,,,14,15,,"i1,i2,i3,i6,i10,i14,i15,"
32,,,,4,,,7,,9,,,,,,,,"i4,i7,i9,"
33,,,,,,6,,,,10,11,,13,,,,"i6,i10,i11,i13,"
34,,2,,,,6,,8,,,,12,,,,16,"i2,i6,i8,i12,i16"
35,,,,4,,6,7,,,,,12,,14,,16,"i4,i6,i7,i12,i14,i16"
36,1,,,4,5,6,,8,9,,11,12,,14,15,16,"i1,i4,i5,i6,i8,i9,i11,i12,i14,i15,i16"
37,,,,,5,,7,8,,10,11,,,,,16,"i5,i7,i8,i10,i11,i16"
38,,,3,,,,,,9,,,,13,,,,"i3,i9,i13,"
39,,2,,4,5,,7,8,,,11,,,,15,,"i2,i4,i5,i7,i8,i11,i15,"
40,1,2,3,4,5,,7,,9,,,,,14,,16,"i1,i2,i3,i4,i5,i7,i9,i14,i16"
41,,2,3,,,,,,,,,,,,15,16,"i2,i3,i15,i16"
42,,2,,,,,,,,,,12,,,,,"i2,i12,"
43,1,2,,,5,6,,8,9,10,,12,,,,16,"i1,i2,i5,i6,i8,i9,i10,i12,i16"
44,,,,,,,,8,,,,,13,,,,"i8,i13,"
45,,2,,,5,6,7,8,,10,,,,14,,,"i2,i5,i6,i7,i8,i10,i14,"
46,,,,,,,,,,,,12,,,,,"i12,"
47,1,,,,,,,,,,,12,,,,16,"i1,i12,i16"
48,,2,,,,6,,,,,,,13,,15,16,"i2,i6,i13,i15,i16"
49,,2,3,4,,6,7,,,,11,12,13,,,,"i2,i3,i4,i6,i7,i11,i12,i13,"
50,1,,3,4,5,6,,,9,10,,,,14,,16,"i1,i3,i4,i5,i6,i9,i10,i14,i16"
51,1,2,3,,,,,,,,,12,13,14,,16,"i1,i2,i3,i12,i13,i14,i16"
52,1,,,,5,,7,8,9,,11,,13,14,,,"i1,i5,i7,i8,i9,i11,i13,i14,"
53,,,,,,6,,,,,,,13,14,,,"i6,i13,i14,"
54,1,,,,,,,,,,,,,,,,"i1,"
55,,2,,,,,,8,,,11,,,14,,,"i2,i8,i11,i14,"
56,,2,,,5,6,,,9,10,11,,,,15,16,"i2,i5,i6,i9,i10,i11,i15,i16"
57,,,,,,,,8,9,,,,,,15,,"i8,i9,i15,"
58,1,,,4,,6,,8,9,10,11,,,,,,"i1,i4,i6,i8,i9,i10,i11,"
59,,,,,,,,,,,,,,,15,16,"i15,i16"
60,1,,,,,,,,,10,,12,,,,16,"i1,i10,i12,i16"
61,1,2,,4,,,,,9,10,11,,13,,15,,"i1,i2,i4,i9,i10,i11,i13,i15,"
62,,2,3,4,5,6,7,,,10,11,,,,15,16,"i2,i3,i4,i5,i6,i7,i10,i11,i15,i16"
63,,,,,,,,,,,,,,,15,,"i15,"
64,,,,,,,,8,,10,,12,13,14,,16,"i8,i10,i12,i13,i14,i16"
65,1,2,,,5,6,7,8,,10,,12,13,14,15,,"i1,i2,i5,i6,i7,i8,i10,i12,i13,i14,i15,"
66,1,,3,,5,,,8,9,,11,12,13,,15,16,"i1,i3,i5,i8,i9,i11,i12,i13,i15,i16"
67,,2,,4,,6,,8,9,10,,12,13,14,15,16,"i2,i4,i6,i8,i9,i10,i12,i13,i14,i15,i16"
68,,,,,,,,,,,,,,14,,,"i14,"
69,,2,,4,5,6,7,,,10,,,,,15,,"i2,i4,i5,i6,i7,i10,i15,"
70,,,,,,6,,8,,,,,13,14,,16,"i6,i8,i13,i14,i16"
71,,2,,,,6,7,8,9,,,,,,15,16,"i2,i6,i7,i8,i9,i15,i16"
72,1,,,,5,,7,,9,,11,,13,,,16,"i1,i5,i7,i9,i11,i13,i16"
73,,,3,,5,,,8,,,11,12,13,14,15,16,"i3,i5,i8,i11,i12,i13,i14,i15,i16"
74,,,,,,,,,,,,12,,,,,"i12,"
75,1,2,,4,5,6,,8,,10,,,,14,,16,"i1,i2,i4,i5,i6,i8,i10,i14,i16"
76,1,,,,,,7,8,,,11,,,,,,"i1,i7,i8,i11,"
77,1,2,3,,,6,,,,,11,12,,,15,16,"i1,i2,i3,i6,i11,i12,i15,i16"
78,,,,4,,6,,8,9,,11,12,13,,,16,"i4,i6,i8,i9,i11,i12,i13,i16"
79,,,3,4,,,,8,,,11,,,,,,"i3,i4,i8,i11,"
80,,,,4,,,7,,,,,12,,14,15,,"i4,i7,i12,i14,i15,"
81,,2,3,4,,6,7,,,,,12,,14,15,,"i2,i3,i4,i6,i7,i12,i14,i15,"
82,1,,3,,5,,,,,,,,13,,,,"i1,i3,i5,i13,"
83,1,,,,,,,,,,,,,,,,"i1,"
84,1,2,3,4,5,,,8,9,10,11,,,14,15,,"i1,i2,i3,i4,i5,i8,i9,i10,i11,i14,i15,"
85,1,,3,,,,,,,10,,12,13,,15,16,"i1,i3,i10,i12,i13,i15,i16"
86,1,,,,5,6,,,9,10,11,,,,,16,"i1,i5,i6,i9,i10,i11,i16"
87,,,3,,,,7,,9,,11,12,13,14,15,,"i3,i7,i9,i11,i12,i13,i14,i15,"
88,1,,,4,,6,,8,,,,,,,,16,"i1,i4,i6,i8,i16"
89,1,,,4,5,6,7,,9,,11,12,13,14,15,16,"i1,i4,i5,i6,i7,i9,i11,i12,i13,i14,i15,i16"
90,1,2,3,,5,6,,,9,,11,12,13,14,15,16,"i1,i2,i3,i5,i6,i9,i11,i12,i13,i14,i15,i16"
91,,,,4,5,6,7,8,9,10,11,12,,,15,16,"i4,i5,i6,i7,i8,i9,i10,i11,i12,i15,i16"
92,1,,3,,5,6,,,,,,12,13,14,15,16,"i1,i3,i5,i6,i12,i13,i14,i15,i16"
93,,2,3,4,5,,7,8,,,11,12,,,15,16,"i2,i3,i4,i5,i7,i8,i11,i12,i15,i16"
94,1,,,,,6,,,,10,11,12,,,15,,"i1,i6,i10,i11,i12,i15,"
95,,2,,,5,6,,,,10,,12,,,,,"i2,i5,i6,i10,i12,"
96,1,,3,,5,6,,,9,,11,,,,15,,"i1,i3,i5,i6,i9,i11,i15,"
97,,,,,,,,,,,,,,,15,,"i15,"
98,1,,3,,5,,7,,9,10,,12,13,14,15,,"i1,i3,i5,i7,i9,i10,i12,i13,i14,i15,"
99,,2,3,4,5,,7,,9,10,,12,13,,15,16,"i2,i3,i4,i5,i7,i9,i10,i12,i13,i15,i16"
100,,2,,,,,7,,,,,,,,,,"i2,i7,"
101,,2,3,4,,,,8,,10,,,13,,,16,"i2,i3,i4,i8,i10,i13,i16"
102,,,,4,,,7,,,,,,13,,15,16,"i4,i7,i13,i15,i16"
103,,2,,,,,,,,,,,,14,,,"i2,i14,"
104,,2,,4,,,7,8,,,11,12,13,14,,,"i2,i4,i7,i8,i11,i12,i13,i14,"
105,,,,,5,,7,,,10,,,,,,,"i5,i7,i10,"
106,1,,,4,,6,7,,9,,,12,,14,,16,"i1,i4,i6,i7,i9,i12,i14,i16"
107,,,,,,,,,9,,,,,14,15,,"i9,i14,i15,"
108,,,,,,,,,,,,,,,15,,"i15,"
109,,,,,,,,,,,11,,,,,,"i11,"
110,1,,,4,5,6,,,,10,11,12,,,15,,"i1,i4,i5,i6,i10,i11,i12,i15,"
111,1,2,3,4,5,6,,,,,,12,13,14,15,16,"i1,i2,i3,i4,i5,i6,i12,i13,i14,i15,i16"
112,1,2,,,5,,7,8,9,10,11,,,,,16,"i1,i2,i5,i7,i8,i9,i10,i11,i16"
113,,,3,,,,7,,9,10,11,12,,,,,"i3,i7,i9,i10,i11,i12,"
114,1,2,,4,,6,7,,,,11,12,13,,15,,"i1,i2,i4,i6,i7,i11,i12,i13,i15,"
115,1,,,4,,,7,,9,,,,,,,,"i1,i4,i7,i9,"
116,,2,3,,5,,7,8,,,,12,13,14,,,"i2,i3,i5,i7,i8,i12,i13,i14,"
117,1,2,3,4,,,,,,10,,12,13,,,16,"i1,i2,i3,i4,i10,i12,i13,i16"
118,1,,,4,5,6,,8,,,,,13,,15,,"i1,i4,i5,i6,i8,i13,i15,"
119,,,,,5,,7,,,,11,12,,14,15,16,"i5,i7,i11,i12,i14,i15,i16"
120,,,3,4,,6,,8,,,,,13,,,,"i3,i4,i6,i8,i13,"
121,,,,4,,,,,,,11,12,,,15,,"i4,i11,i12,i15,"
122,,,3,,5,,,8,9,,,,,14,15,,"i3,i5,i8,i9,i14,i15,"
123,,2,,,5,6,7,,9,,11,,,,15,16,"i2,i5,i6,i7,i9,i11,i15,i16"
124,,,,4,,,,,,,,,,,,,"i4,"
125,,2,3,,,6,7,,,,,,,,15,,"i2,i3,i6,i7,i15,"
126,1,,,,,,,8,,,,12,,,15,16,"i1,i8,i12,i15,i16"
127,,,,,,,,,9,,11,,13,,,16,"i9,i11,i13,i16"
128,1,,3,4,5,,7,,,10,11,12,13,14,15,,"i1,i3,i4,i5,i7,i10,i11,i12,i13,i14,i15,"
129,,2,3,,5,,,8,9,10,11,12,13,,15,16,"i2,i3,i5,i8,i9,i10,i11,i12,i13,i15,i16"
130,1,,3,,,,,,,,,,,14,15,16,"i1,i3,i14,i15,i16"
131,1,2,3,,,6,,,,10,11,,13,,,16,"i1,i2,i3,i6,i10,i11,i13,i16"
132,1,,,4,,6,7,,,,11,12,13,14,15,,"i1,i4,i6,i7,i11,i12,i13,i14,i15,"
133,,,,4,,6,7,,9,10,11,,,14,,16,"i4,i6,i7,i9,i10,i11,i14,i16"
134,,,,,,,,,9,,11,,13,,,,"i9,i11,i13,"
135,,,3,4,5,6,,8,9,,11,12,,,15,,"i3,i4,i5,i6,i8,i9,i11,i12,i15,"
136,,2,3,,,6,7,8,,10,,12,,14,15,16,"i2,i3,i6,i7,i8,i10,i12,i14,i15,i16"
137,1,,,,5,6,7,,,10,,,,,15,16,"i1,i5,i6,i7,i10,i15,i16"
138,,,,,,,,,9,,,,,,,,"i9,"
139,,,,4,5,,,,9,10,,12,,,,,"i4,i5,i9,i10,i12,"
140,1,,3,4,5,6,,8,9,10,11,,13,14,,16,"i1,i3,i4,i5,i6,i8,i9,i10,i11,i13,i14,i16"
141,1,2,3,,5,,,,,10,11,,,14,15,,"i1,i2,i3,i5,i10,i11,i14,i15,"
142,,,,4,,6,7,,,,,,,14,,,"i4,i6,i7,i14,"
143,1,2,,,5,,7,8,9,,,12,13,,15,,"i1,i2,i5,i7,i8,i9,i12,i13,i15,"
144,,,,,,,,,9,10,11,,13,14,15,,"i9,i10,i11,i13,i14,i15,"
145,,2,3,4,5,,,,9,10,11,12,13,14,,,"i2,i3,i4,i5,i9,i10,i11,i12,i13,i14,"
146,,,,,,6,,8,,10,,12,13,,,,"i6,i8,i10,i12,i13,"
147,,,,,5,6,,8,9,,11,,13,14,,16,"i5,i6,i8,i9,i11,i13,i14,i16"
148,1,2,,4,,,7,,,,,,,,,16,"i1,i2,i4,i7,i16"
149,,,,,,,7,,,,11,,13,14,15,,"i7,i11,i13,i14,i15,"
150,1,2,3,,5,,,8,,,11,12,13,14,15,,"i1,i2,i3,i5,i8,i11,i12,i13,i14,i15,"
151,,,,4,5,,,8,9,,11,,13,,15,,"i4,i5,i8,i9,i11,i13,i15,"
152,,,,,,,,,9,,,,,,,,"i9,"
153,,,,,,,,,,,,,,14,,,"i14,"
154,,,,4,,,,,9,10,,,13,14,,,"i4,i9,i10,i13,i14,"
155,,,,,5,,,,9,,,,13,14,,,"i5,i9,i13,i14,"
156,,2,3,,5,,,,9,,,,,,15,,"i2,i3,i5,i9,i15,"
157,1,,3,,,6,7,8,9,10,,12,13,,15,,"i1,i3,i6,i7,i8,i9,i10,i12,i13,i15,"
158,,,,,5,,,,,,,,,,,,"i5,"
159,1,,,,5,,,,,10,11,,13,,,,"i1,i5,i10,i11,i13,"
160,,,,,,6,,,,,,,,,,,"i6,"
161,,,,,5,,7,8,9,,11,,,14,,16,"i5,i7,i8,i9,i11,i14,i16"
162,,,,,,,7,,9,10,11,,13,14,,,"i7,i9,i10,i11,i13,i14,"
163,,,3,,5,6,7,8,,10,,12,13,14,15,16,"i3,i5,i6,i7,i8,i10,i12,i13,i14,i15,i16"
164,1,,3,,5,6,7,8,,,,,13,14,,16,"i1,i3,i5,i6,i7,i8,i13,i14,i16"
165,,,,,,,,,,,,,,,15,,"i15,"
166,1,2,3,4,5,,7,8,9,,11,,13,14,,16,"i1,i2,i3,i4,i5,i7,i8,i9,i11,i13,i14,i16"
167,,2,,,,6,,,,,11,12,,14,15,,"i2,i6,i11,i12,i14,i15,"
168,,,,,,,,8,,,,,,,,,"i8,"
169,1,2,,,,,,,,,,,,,,,"i1,i2,"
170,,2,3,,,,7,8,9,,11,,13,,,16,"i2,i3,i7,i8,i9,i11,i13,i16"
171,1,,3,4,,6,,8,9,,11,,13,14,15,,"i1,i3,i4,i6,i8,i9,i11,i13,i14,i15,"
172,,,,,,,,,,,,12,,,,16,"i12,i16"
173,,2,,,,,7,,,,,,13,,,16,"i2,i7,i13,i16"
174,,2,,4,,,,,,,,12,,,,16,"i2,i4,i12,i16"
175,,,3,4,,,,,,,11,,,,,,"i3,i4,i11,"
176,,,3,4,,6,7,,9,10,11,,,14,15,,"i3,i4,i6,i7,i9,i10,i11,i14,i15,"
177,,2,,4,5,,,,,10,11,,13,,15,16,"i2,i4,i5,i10,i11,i13,i15,i16"
178,,2,,,,,,,9,,,,,,,,"i2,i9,"
179,,,,,,,,8,,10,,,,,,16,"i8,i10,i16"
180,,,3,4,5,6,,,,10,,,13,14,,16,"i3,i4,i5,i6,i10,i13,i14,i16"
181,1,,3,4,,,7,,,,,12,13,,15,16,"i1,i3,i4,i7,i12,i13,i15,i16"
182,,,,,,6,,,,,11,,,,,,"i6,i11,"
183,1,2,3,,5,,7,,9,10,11,12,,14,15,16,"i1,i2,i3,i5,i7,i9,i10,i11,i12,i14,i15,i16"
184,,,3,,,,,,,,11,,,,,16,"i3,i11,i16"
185,,,3,4,,,,8,9,10,11,12,,14,15,16,"i3,i4,i8,i9,i10,i11,i12,i14,i15,i16"
186,1,,3,4,,6,7,8,9,10,11,12,,14,15,16,"i1,i3,i4,i6,i7,i8,i9,i10,i11,i12,i14,i15,i16"
187,,,,,5,,,8,,,11,12,,14,15,16,"i5,i8,i11,i12,i14,i15,i16"
188,1,,3,4,5,6,,,9,,,,13,14,15,,"i1,i3,i4,i5,i6,i9,i13,i14,i15,"
189,1,2,,,5,6,,,9,10,11,,13,14,15,16,"i1,i2,i5,i6,i9,i10,i11,i13,i14,i15,i16"
190,1,,,4,5,,,8,9,,,,,,15,,"i1,i4,i5,i8,i9,i15,"
191,1,,,4,,,,,,10,,,,,,,"i1,i4,i10,"
192,1,2,3,4,,6,,8,,,11,12,13,,,16,"i1,i2,i3,i4,i6,i8,i11,i12,i13,i16"
193,,,,4,5,,7,,9,,,12,,14,15,,"i4,i5,i7,i9,i12,i14,i15,"
194,,,3,4,,6,7,8,,,,12,,14,,16,"i3,i4,i6,i7,i8,i12,i14,i16"
195,,,,,5,6,,,,10,,,,,,,"i5,i6,i10,"
196,1,2,,4,5,6,7,,,10,,12,13,14,,,"i1,i2,i4,i5,i6,i7,i10,i12,i13,i14,"
197,,2,3,4,,,7,,9,10,11,12,,,,,"i2,i3,i4,i7,i9,i10,i11,i12,"
198,1,,,,,,,8,,10,,,,,,16,"i1,i8,i10,i16"
199,,,3,4,,6,,8,9,10,,,13,,15,,"i3,i4,i6,i8,i9,i10,i13,i15,"
200,,,,,,6,,8,,,11,12,,,,16,"i6,i8,i11,i12,i16"
201,,,3,,,,,8,,10,,,13,14,,16,"i3,i8,i10,i13,i14,i16"
202,,2,3,,,6,7,8,9,10,,12,,14,,,"i2,i3,i6,i7,i8,i9,i10,i12,i14,"
203,,,,,,,,8,,,,,,14,,,"i8,i14,"
204,,2,,4,,6,7,8,9,,,,,14,15,,"i2,i4,i6,i7,i8,i9,i14,i15,"
205,1,,,,5,,,,,,,,13,,,,"i1,i5,i13,"
206,,,,4,5,,,,,10,,,13,,15,16,"i4,i5,i10,i13,i15,i16"
207,,,,4,,,,,9,,11,12,13,14,,,"i4,i9,i11,i12,i13,i14,"
208,,,,,,,,,,,11,,13,14,15,,"i11,i13,i14,i15,"
209,,2,3,4,,6,,8,,,11,12,,14,,16,"i2,i3,i4,i6,i8,i11,i12,i14,i16"
210,1,2,3,,5,6,7,8,9,,,,13,,15,,"i1,i2,i3,i5,i6,i7,i8,i9,i13,i15,"
211,1,2,3,,5,,,8,9,,,,,,,16,"i1,i2,i3,i5,i8,i9,i16"
212,,2,3,4,,,7,,,10,11,,,,15,16,"i2,i3,i4,i7,i10,i11,i15,i16"
213,,,,,,,7,,,,,,,,,,"i7,"
214,,,3,,,,7,,9,10,,12,,,15,16,"i3,i7,i9,i10,i12,i15,i16"
215,,,3,,,6,,,,,11,,13,14,,16,"i3,i6,i11,i13,i14,i16"
216,,2,3,4,5,,7,8,,10,11,12,,,,16,"i2,i3,i4,i5,i7,i8,i10,i11,i12,i16"
217,1,,,,5,,7,8,,,11,,,,,,"i1,i5,i7,i8,i11,"
218,1,2,,,,6,,,,,11,,13,14,,,"i1,i2,i6,i11,i13,i14,"
219,,,,,,6,,,,,,12,,,,,"i6,i12,"
220,,,,,,,7,8,,,11,12,,,,16,"i7,i8,i11,i12,i16"
221,1,2,,,,,7,,9,10,11,12,13,,15,,"i1,i2,i7,i9,i10,i11,i12,i13,i15,"
222,,,,4,,,7,,9,,,,,,,16,"i4,i7,i9,i16"
223,,2,3,,,6,,,,,11,12,,,15,16,"i2,i3,i6,i11,i12,i15,i16"
224,1,,3,4,5,6,7,8,9,10,11,,13,14,,,"i1,i3,i4,i5,i6,i7,i8,i9,i10,i11,i13,i14,"
225,1,,3,,,,7,8,,10,,,13,,,,"i1,i3,i7,i8,i10,i13,"
226,,,,4,5,,7,,,,,,13,14,15,,"i4,i5,i7,i13,i14,i15,"
227,,2,,,,,,,,,,,,14,,,"i2,i14,"
228,1,,3,4,5,6,7,8,,,11,12,13,14,,,"i1,i3,i4,i5,i6,i7,i8,i11,i12,i13,i14,"
229,1,,,,5,,,,,,,,,,,,"i1,i5,"
230,,2,,,5,6,,,,10,,,,,,16,"i2,i5,i6,i10,i16"
231,1,,,4,5,6,,,,,11,,13,,,,"i1,i4,i5,i6,i11,i13,"
232,,,3,,,,,8,,10,,,,,15,16,"i3,i8,i10,i15,i16"
233,,,,4,5,,,,,,11,,13,,,,"i4,i5,i11,i13,"
234,1,2,,,,,,,,,,,,,,,"i1,i2,"
235,,,,,,6,,,,,,,,,,,"i6,"
236,,,,,,,,8,,,11,,13,14,,,"i8,i11,i13,i14,"
237,,,,,5,,,,,,,12,,,,,"i5,i12,"
238,1,2,3,4,5,,,8,9,10,11,12,13,,15,16,"i1,i2,i3,i4,i5,i8,i9,i10,i11,i12,i13,i15,i16"
239,,2,3,,5,,,,,,,,,14,15,,"i2,i3,i5,i14,i15,"
240,,2,,,,,,,,,,,,14,15,,"i2,i14,i15,"
241,1,2,,,5,6,,,,10,,,,,,16,"i1,i2,i5,i6,i10,i16"
242,,,,,,6,,,,,,,,,,,"i6,"
243,1,,3,4,,,,8,9,10,,,13,14,15,16,"i1,i3,i4,i8,i9,i10,i13,i14,i15,i16"
244,,2,,,,6,7,8,,,,,13,,,,"i2,i6,i7,i8,i13,"
245,1,,,4,5,,,,,10,11,12,,14,15,16,"i1,i4,i5,i10,i11,i12,i14,i15,i16"
246,,,3,,5,,,,9,,,12,,,,,"i3,i5,i9,i12,"
247,1,,,,5,6,,,,,11,12,,,,,"i1,i5,i6,i11,i12,"
248,,2,,4,,,7,,,10,11,,,14,,,"i2,i4,i7,i10,i11,i14,"
249,1,,3,4,,,,8,9,10,,,,,,16,"i1,i3,i4,i8,i9,i10,i16"
250,,,3,,5,6,7,8,,,11,12,,,15,16,"i3,i5,i6,i7,i8,i11,i12,i15,i16"
251,1,2,3,4,,,,8,9,,,12,13,,,,"i1,i2,i3,i4,i8,i9,i12,i13,"
252,,,3,,,,,,,,,,,,,,"i3,"
253,,2,3,,,6,,,,,11,,,14,15,,"i2,i3,i6,i11,i14,i15,"
254,,2,,,5,,,,,,,,,,15,,"i2,i5,i15,"
255,1,,3,,5,6,,8,9,10,11,12,,,,16,"i1,i3,i5,i6,i8,i9,i10,i11,i12,i16"
256,,,,,5,,,,,,,,,,15,,"i5,i15,"
257,1,,3,4,5,,,8,9,,11,,13,14,,16,"i1,i3,i4,i5,i8,i9,i11,i13,i14,i16"
258,,,,4,,,,,,,,,,,,,"i4,"
259,,,3,,,,,8,9,10,,,13,14,,16,"i3,i8,i9,i10,i13,i14,i16"
260,,,,,5,,7,,9,10,11,,,,,,"i5,i7,i9,i10,i11,"
261,1,,,4,5,6,,,9,10,,12,13,14,,16,"i1,i4,i5,i6,i9,i10,i12,i13,i14,i16"
262,1,2,3,4,5,6,7,8,,,,12,,14,,,"i1,i2,i3,i4,i5,i6,i7,i8,i12,i14,"
263,1,,,4,5,6,7,,,,11,12,13,14,,16,"i1,i4,i5,i6,i7,i11,i12,i13,i14,i16"
264,,,,,5,6,,,,,,,,,,,"i5,i6,"
265,1,,,,,,,,,,,,,,,,"i1,"
266,,,3,,,,,8,9,,,,,,,,"i3,i8,i9,"
267,1,2,,4,5,6,7,,9,10,,12,13,14,15,,"i1,i2,i4,i5,i6,i7,i9,i10,i12,i13,i14,i15,"
268,,2,,4,5,,,8,9,,11,,13,14,15,16,"i2,i4,i5,i8,i9,i11,i13,i14,i15,i16"
269,,,,,,,,,9,,,,,,,,"i9,"
270,1,2,,,5,,,,,10,11,12,,,15,,"i1,i2,i5,i10,i11,i12,i15,"
271,,2,3,4,5,,7,,,,11,12,,,15,16,"i2,i3,i4,i5,i7,i11,i12,i15,i16"
272,,,,,5,,,,9,10,,,,14,,,"i5,i9,i10,i14,"
273,1,2,,4,,,,8,,,11,12,,14,,,"i1,i2,i4,i8,i11,i12,i14,"
274,,,,4,,6,,,9,,11,12,13,,,,"i4,i6,i9,i11,i12,i13,"
275,1,,3,,5,6,,,9,10,,12,,14,,,"i1,i3,i5,i6,i9,i10,i12,i14,"
276,1,2,3,,5,,7,8,,,,,13,14,15,,"i1,i2,i3,i5,i7,i8,i13,i14,i15,"
277,,,3,4,,,7,8,9,,,12,,14,15,,"i3,i4,i7,i8,i9,i12,i14,i15,"
278,,2,3,,5,,,,,10,,,,14,15,,"i2,i3,i5,i10,i14,i15,"
279,1,2,3,,5,,,8,,,,,13,14,15,,"i1,i2,i3,i5,i8,i13,i14,i15,"
280,,,,,5,6,,8,,10,11,12,,,,,"i5,i6,i8,i10,i11,i12,"
281,,2,3,,5,,7,,9,,,12,13,,15,16,"i2,i3,i5,i7,i9,i12,i13,i15,i16"
282,,2,3,4,,,,,,,,12,13,,15,,"i2,i3,i4,i12,i13,i15,"
283,,,3,4,5,,,8,,10,,,,14,15,,"i3,i4,i5,i8,i10,i14,i15,"
284,1,2,3,,5,,7,8,,,11,12,13,,,16,"i1,i2,i3,i5,i7,i8,i11,i12,i13,i16"
285,,,,,,,7,,,,,,,14,15,,"i7,i14,i15,"
286,1,,3,,,,7,,9,,11,,13,,15,,"i1,i3,i7,i9,i11,i13,i15,"
287,1,2,,,,6,7,8,,10,11,,13,,15,16,"i1,i2,i6,i7,i8,i10,i11,i13,i15,i16"
288,1,2,3,,,6,,,9,10,11,12,,14,,16,"i1,i2,i3,i6,i9,i10,i11,i12,i14,i16"
289,,2,,4,,6,,,,10,,12,,,,16,"i2,i4,i6,i10,i12,i16"
290,,,3,4,5,,7,8,9,,,,,,15,16,"i3,i4,i5,i7,i8,i9,i15,i16"
291,1,2,,,,6,,,,10,,12,13,14,,16,"i1,i2,i6,i10,i12,i13,i14,i16"
292,,,3,4,,6,7,,9,,11,,,14,,16,"i3,i4,i6,i7,i9,i11,i14,i16"
293,,,3,,5,,7,,9,,11,12,,,15,16,"i3,i5,i7,i9,i11,i12,i15,i16"
294,,,3,4,5,6,,8,9,10,,12,,,,16,"i3,i4,i5,i6,i8,i9,i10,i12,i16"
295,1,,3,4,,,,,,,,,13,14,15,16,"i1,i3,i4,i13,i14,i15,i16"
296,1,,,4,5,,,,,,,,,,,16,"i1,i4,i5,i16"
297,,,,4,5,6,,8,,,11,12,,14,15,16,"i4,i5,i6,i8,i11,i12,i14,i15,i16"
298,1,,,,5,,,,9,,,,,,,,"i1,i5,i9,"
299,1,,,4,,,7,8,9,10,,12,13,14,15,16,"i1,i4,i7,i8,i9,i10,i12,i13,i14,i15,i16"
300,,2,,4,,6,7,,9,,11,,13,,15,16,"i2,i4,i6,i7,i9,i11,i13,i15,i16"
301,,2,,4,,,,,,,,,,,,16,"i2,i4,i16"
302,1,,,4,5,6,7,8,,,,12,13,,15,,"i1,i4,i5,i6,i7,i8,i12,i13,i15,"
303,,2,,,5,,7,,,,11,12,,14,,16,"i2,i5,i7,i11,i12,i14,i16"
304,,,,4,5,,,8,,,11,,13,,,,"i4,i5,i8,i11,i13,"
305,,,,,,6,,,9,,,,,,,,"i6,i9,"
306,1,,3,,,,7,,9,10,11,,13,,15,,"i1,i3,i7,i9,i10,i11,i13,i15,"
307,1,,3,,5,,7,,,10,11,12,13,,15,16,"i1,i3,i5,i7,i10,i11,i12,i13,i15,i16"
308,1,,3,4,5,,,8,9,,,12,,14,,,"i1,i3,i4,i5,i8,i9,i12,i14,"
309,,,,,5,6,,8,,10,,,13,14,,16,"i5,i6,i8,i10,i13,i14,i16"
310,1,,,,,6,,8,9,,,,,,,16,"i1,i6,i8,i9,i16"
311,1,,3,4,,6,7,,,10,,,13,,,16,"i1,i3,i4,i6,i7,i10,i13,i16"
312,,,3,,5,6,,8,9,10,11,,13,,15,,"i3,i5,i6,i8,i9,i10,i11,i13,i15,"
313,1,2,3,4,,6,7,,,10,,12,13,,,,"i1,i2,i3,i4,i6,i7,i10,i12,i13,"
314,1,2,,,5,6,7,8,,10,,12,13,14,15,16,"i1,i2,i5,i6,i7,i8,i10,i12,i13,i14,i15,i16"
315,1,2,3,4,5,6,7,8,9,10,,,,,15,16,"i1,i2,i3,i4,i5,i6,i7,i8,i9,i10,i15,i16"
316,1,,3,4,,,7,,9,,11,12,,,,,"i1,i3,i4,i7,i9,i11,i12,"
317,,2,,4,5,,,,9,10,,,13,,15,,"i2,i4,i5,i9,i10,i13,i15,"
318,,,,,5,,7,,,,,,,14,15,16,"i5,i7,i14,i15,i16"
319,,,,4,,6,,8,9,,,,13,,15,16,"i4,i6,i8,i9,i13,i15,i16"
320,,2,,4,5,6,,8,9,,,12,,,,,"i2,i4,i5,i6,i8,i9,i12,"
321,,,,,,6,7,,,,,12,,14,,16,"i6,i7,i12,i14,i16"
322,,,,,,6,,,,,,12,,,15,,"i6,i12,i15,"
323,,,3,4,5,6,7,8,9,10,11,12,,14,15,,"i3,i4,i5,i6,i7,i8,i9,i10,i11,i12,i14,i15,"
324,,,3,,,6,7,8,,,11,,,,,16,"i3,i6,i7,i8,i11,i16"
325,1,,3,,,,7,,,10,11,12,13,14,,,"i1,i3,i7,i10,i11,i12,i13,i14,"
326,1,2,3,,5,,7,8,,,11,12,13,14,15,16,"i1,i2,i3,i5,i7,i8,i11,i12,i13,i14,i15,i16"
327,,,,,5,6,7,8,9,10,,12,,,15,,"i5,i6,i7,i8,i9,i10,i12,i15,"
328,1,,3,,5,,,,9,10,,12,,14,,,"i1,i3,i5,i9,i10,i12,i14,"
329,,2,,,,6,,,9,,,12,13,14,15,,"i2,i6,i9,i12,i13,i14,i15,"
330,1,,3,4,,,,,9,,,,13,,,,"i1,i3,i4,i9,i13,"
331,,,,4,,,,8,,,,12,,,15,,"i4,i8,i12,i15,"
332,,2,3,,,6,,8,,10,11,12,13,,,16,"i2,i3,i6,i8,i10,i11,i12,i13,i16"
333,,,3,4,,,,8,9,,11,,,14,15,,"i3,i4,i8,i9,i11,i14,i15,"
334,1,,3,,5,,,8,9,,,12,13,14,,,"i1,i3,i5,i8,i9,i12,i13,i14,"
335,1,2,,4,5,,7,,9,10,,,,14,,,"i1,i2,i4,i5,i7,i9,i10,i14,"
336,,,,4,,,,,,10,11,,13,14,15,16,"i4,i10,i11,i13,i14,i15,i16"
337,,2,,4,,,,,,,,,,,,16,"i2,i4,i16"
338,1,,3,4,5,6,,,9,,,12,,14,15,16,"i1,i3,i4,i5,i6,i9,i12,i14,i15,i16"
339,1,,,,5,,,8,,,11,12,13,,15,,"i1,i5,i8,i11,i12,i13,i15,"
340,,2,3,,,6,,,,10,11,12,13,,,,"i2,i3,i6,i10,i11,i12,i13,"
341,,,3,4,5,,7,8,,10,,12,,,,,"i3,i4,i5,i7,i8,i10,i12,"
342,,,,,,,7,8,9,10,,,13,14,15,,"i7,i8,i9,i10,i13,i14,i15,"
343,1,,3,4,,6,,,9,10,,,13,,15,16,"i1,i3,i4,i6,i9,i10,i13,i15,i16"
344,1,,,,,,,8,,10,,,,14,,,"i1,i8,i10,i14,"
345,,,3,,,,,,9,10,,,,,,,"i3,i9,i10,"
346,1,,,4,5,,7,,,10,11,12,,14,15,,"i1,i4,i5,i7,i10,i11,i12,i14,i15,"
347,,2,,,5,,,,9,10,,,13,,,16,"i2,i5,i9,i10,i13,i16"
348,,,,4,5,,,,9,,,12,,,,,"i4,i5,i9,i12,"
349,,2,,4,5,6,,,9,10,,,13,14,15,16,"i2,i4,i5,i6,i9,i10,i13,i14,i15,i16"
350,1,2,3,4,,,,8,,10,,,13,,15,16,"i1,i2,i3,i4,i8,i10,i13,i15,i16"
351,1,,3,,,6,7,8,9,10,11,,13,14,,16,"i1,i3,i6,i7,i8,i9,i10,i11,i13,i14,i16"
352,1,,,,,,7,,,,,,,,,,"i1,i7,"
353,,2,,,,6,7,8,,10,11,12,13,14,15,,"i2,i6,i7,i8,i10,i11,i12,i13,i14,i15,"
354,1,2,3,4,,,7,,,10,11,,,,15,,"i1,i2,i3,i4,i7,i10,i11,i15,"
355,,,3,4,5,6,,,9,,,12,,,15,16,"i3,i4,i5,i6,i9,i12,i15,i16"
356,,,,,5,,,,,,,,,,,,"i5,"
357,,,3,4,,6,,8,,10,11,,13,,,16,"i3,i4,i6,i8,i10,i11,i13,i16"
358,1,2,3,,5,,,,,,11,12,13,,15,,"i1,i2,i3,i5,i11,i12,i13,i15,"
359,,,3,,5,,7,,9,10,11,,13,14,,16,"i3,i5,i7,i9,i10,i11,i13,i14,i16"
360,1,,3,,5,6,,8,9,,,,13,,,16,"i1,i3,i5,i6,i8,i9,i13,i16"
361,,,,,5,,7,,,,11,,,,15,,"i5,i7,i11,i15,"
362,1,,3,4,5,6,7,,9,,11,12,,,15,,"i1,i3,i4,i5,i6,i7,i9,i11,i12,i15,"
363,1,,3,4,5,,,8,9,,11,,13,14,,16,"i1,i3,i4,i5,i8,i9,i11,i13,i14,i16"
364,1,,,,,,,,,,,12,,,,,"i1,i12,"
365,,,,,,,,,,,,,13,,,,"i13,"
366,,,,,,6,7,,,,,,13,,,,"i6,i7,i13,"
367,,2,3,,,,,,,10,11,,,,,,"i2,i3,i10,i11,"
368,,2,3,4,5,6,7,8,,10,,12,13,14,,,"i2,i3,i4,i5,i6,i7,i8,i10,i12,i13,i14,"
369,,2,3,4,5,,,8,9,10,11,,,,15,16,"i2,i3,i4,i5,i8,i9,i10,i11,i15,i16"
370,,,,,5,6,,8,,,,,,14,,,"i5,i6,i8,i14,"
371,,2,,4,,,,,9,10,,,,14,,,"i2,i4,i9,i10,i14,"
372,1,,,,,,,8,9,10,11,,,14,15,,"i1,i8,i9,i10,i11,i14,i15,"
373,,2,3,,,,7,,9,,,,13,14,,,"i2,i3,i7,i9,i13,i14,"
374,,,,,5,,,,,,11,,,14,,,"i5,i11,i14,"
375,1,,,4,5,,7,,9,10,,,,,15,16,"i1,i4,i5,i7,i9,i10,i15,i16"
376,1,2,,4,5,,7,8,,,,12,13,14,,16,"i1,i2,i4,i5,i7,i8,i12,i13,i14,i16"
377,1,2,3,4,,6,7,,9,,,12,,,15,16,"i1,i2,i3,i4,i6,i7,i9,i12,i15,i16"
378,,2,3,,,,,8,9,,,,13,14,15,,"i2,i3,i8,i9,i13,i14,i15,"
379,1,2,3,,5,,7,8,,,11,12,13,14,,16,"i1,i2,i3,i5,i7,i8,i11,i12,i13,i14,i16"
380,,,3,4,,6,7,,9,10,11,12,,,,,"i3,i4,i6,i7,i9,i10,i11,i12,"
381,,,,4,5,,,,,10,,,,14,15,,"i4,i5,i10,i14,i15,"
382,,2,3,4,5,6,7,,9,,,12,13,14,,16,"i2,i3,i4,i5,i6,i7,i9,i12,i13,i14,i16"
383,,,3,4,5,6,7,8,9,,11,12,13,14,15,16,"i3,i4,i5,i6,i7,i8,i9,i11,i12,i13,i14,i15,i16"
384,,,3,,5,,,,,10,,,13,14,15,,"i3,i5,i10,i13,i14,i15,"
385,1,2,3,4,5,,7,,,,11,12,13,,15,16,"i1,i2,i3,i4,i5,i7,i11,i12,i13,i15,i16"
386,1,2,,,5,,,,,,,,,,15,,"i1,i2,i5,i15,"
387,,,,4,,,,8,9,,11,,,,,,"i4,i8,i9,i11,"
388,,2,,4,5,6,,8,,10,,12,13,,15,16,"i2,i4,i5,i6,i8,i10,i12,i13,i15,i16"
389,1,,,,,6,7,8,,,11,,13,,,16,"i1,i6,i7,i8,i11,i13,i16"
390,,,,,,6,,,,,,12,13,,,16,"i6,i12,i13,i16"
391,1,2,3,4,,,,8,,,11,12,,14,15,,"i1,i2,i3,i4,i8,i11,i12,i14,i15,"
392,,,,4,,6,7,8,9,,,12,,,,16,"i4,i6,i7,i8,i9,i12,i16"
393,,,3,4,,,,8,9,10,,12,13,,15,,"i3,i4,i8,i9,i10,i12,i13,i15,"
394,,2,,4,,,,8,9,,11,,13,14,15,,"i2,i4,i8,i9,i11,i13,i14,i15,"
395,1,,,,5,6,,8,9,,11,,,,15,16,"i1,i5,i6,i8,i9,i11,i15,i16"
396,,,,,,6,,,,,,,,,15,,"i6,i15,"
397,,2,3,,,6,7,,9,,11,12,,14,15,,"i2,i3,i6,i7,i9,i11,i12,i14,i15,"
398,1,,,,,,,,,,,,,,,,"i1,"
399,,,3,,,6,,,9,10,11,,13,14,15,16,"i3,i6,i9,i10,i11,i13,i14,i15,i16"
400,,2,,,5,,,8,,,,12,13,,,,"i2,i5,i8,i12,i13,"
401,1,,,,,,7,8,,10,,12,13,,15,,"i1,i7,i8,i10,i12,i13,i15,"
402,,2,3,4,5,,7,,9,10,11,12,,14,15,,"i2,i3,i4,i5,i7,i9,i10,i11,i12,i14,i15,"
403,,,3,4,,,,8,,,,,13,,15,16,"i3,i4,i8,i13,i15,i16"
404,1,2,3,,,6,,,9,10,11,12,13,,15,,"i1,i2,i3,i6,i9,i10,i11,i12,i13,i15,"
405,,,,,,,7,,,,,,13,,15,,"i7,i13,i15,"
406,1,2,3,4,,6,,8,,,11,12,,14,,,"i1,i2,i3,i4,i6,i8,i11,i12,i14,"
407,,,,,,,7,8,,10,11,12,13,,,16,"i7,i8,i10,i11,i12,i13,i16"
408,,,,4,,,,,,,,,,,,,"i4,"
409,,,,,,6,,8,9,10,11,12,13,14,,16,"i6,i8,i9,i10,i11,i12,i13,i14,i16"
410,,,3,4,5,6,7,8,,10,11,12,,14,,16,"i3,i4,i5,i6,i7,i8,i10,i11,i12,i14,i16"
411,,,,,5,,7,8,9,,11,12,,,15,16,"i5,i7,i8,i9,i11,i12,i15,i16"
412,,,,,,,,8,,,,,,,15,16,"i8,i15,i16"
413,,2,3,,,,7,8,,10,,12,,14,15,16,"i2,i3,i7,i8,i10,i12,i14,i15,i16"
414,1,,3,4,5,,,8,,,11,,,14,,,"i1,i3,i4,i5,i8,i11,i14,"
415,,,3,4,,,,,,10,,,,14,,,"i3,i4,i10,i14,"
416,,2,,,5,,7,8,9,,,12,,,15,,"i2,i5,i7,i8,i9,i12,i15,"
417,,,,,,6,,,,10,,,,,,,"i6,i10,"
418,1,,,,,,,8,,10,,12,13,,15,16,"i1,i8,i10,i12,i13,i15,i16"
419,,,3,,5,,,,9,10,,12,13,14,15,,"i3,i5,i9,i10,i12,i13,i14,i15,"
420,,,,4,5,,,,,,11,12,,14,15,16,"i4,i5,i11,i12,i14,i15,i16"
421,1,,3,,,6,,,,10,11,,13,,15,,"i1,i3,i6,i10,i11,i13,i15,"
422,1,2,3,4,,,7,8,,,11,12,13,,15,,"i1,i2,i3,i4,i7,i8,i11,i12,i13,i15,"
423,1,,3,,5,,7,,,,11,,13,14,,,"i1,i3,i5,i7,i11,i13,i14,"
424,1,,,,,,,,,,,,,,,,"i1,"
425,1,2,,4,5,6,,8,9,10,11,12,13,14,,,"i1,i2,i4,i5,i6,i8,i9,i10,i11,i12,i13,i14,"
426,1,,,,,6,7,,,,11,12,13,,,,"i1,i6,i7,i11,i12,i13,"
427,1,,,,5,,,,9,,,,,14,15,16,"i1,i5,i9,i14,i15,i16"
428,,2,,4,,6,,,,,,,,,15,,"i2,i4,i6,i15,"
429,,2,3,4,,,,8,9,10,11,12,13,,15,,"i2,i3,i4,i8,i9,i10,i11,i12,i13,i15,"
430,,,,4,5,6,7,,9,,11,12,,,,,"i4,i5,i6,i7,i9,i11,i12,"
431,,,3,4,5,6,,8,,,11,12,,14,,16,"i3,i4,i5,i6,i8,i11,i12,i14,i16"
432,1,,3,4,,,,8,,10,11,12,13,,,16,"i1,i3,i4,i8,i10,i11,i12,i13,i16"
433,,2,3,4,,,,,,10,,12,13,14,,,"i2,i3,i4,i10,i12,i13,i14,"
434,1,2,,,,,7,8,9,10,,12,13,14,15,,"i1,i2,i7,i8,i9,i10,i12,i13,i14,i15,"
435,1,,,,,6,,,,,,12,13,,15,16,"i1,i6,i12,i13,i15,i16"
436,1,,,,,,,8,,10,11,,,,15,16,"i1,i8,i10,i11,i15,i16"
437,1,,3,,5,6,7,,,10,,,13,,15,,"i1,i3,i5,i6,i7,i10,i13,i15,"
438,1,,3,,,6,,8,,,,,,,,,"i1,i3,i6,i8,"
439,,,,,,,7,,,,,,,14,,,"i7,i14,"
440,,,,,,6,,,,10,,12,13,,15,16,"i6,i10,i12,i13,i15,i16"
441,,2,3,,,6,,8,9,10,,12,,,,,"i2,i3,i6,i8,i9,i10,i12,"
442,1,2,3,4,5,,7,,9,10,11,,13,14,,,"i1,i2,i3,i4,i5,i7,i9,i10,i11,i13,i14,"
443,,,,,,6,,,,,,,,,15,,"i6,i15,"
444,,,3,,5,,,,,,,12,13,,,,"i3,i5,i12,i13,"
445,1,,3,,,6,,,,10,,12,13,14,15,16,"i1,i3,i6,i10,i12,i13,i14,i15,i16"
446,1,2,3,4,5,,7,8,,,11,12,13,,,,"i1,i2,i3,i4,i5,i7,i8,i11,i12,i13,"
447,,,,4,,,,,,,,,,,,,"i4,"
448,,,,4,5,6,7,8,,,,,,14,15,,"i4,i5,i6,i7,i8,i14,i15,"
449,1,,,4,5,,7,8,,10,,12,,,,,"i1,i4,i5,i7,i8,i10,i12,"
450,,2,,4,,6,,8,,10,11,,13,,15,16,"i2,i4,i6,i8,i10,i11,i13,i15,i16"
451,,,3,4,,,,8,,,11,,,14,,,"i3,i4,i8,i11,i14,"
452,,,,4,,6,,,,,11,,,,,,"i4,i6,i11,"
453,,2,3,,,6,,,9,,,12,13,14,15,,"i2,i3,i6,i9,i12,i13,i14,i15,"
454,,,,,,,,,9,,,12,,,,16,"i9,i12,i16"
455,1,2,,,5,,,,9,10,11,12,,14,15,16,"i1,i2,i5,i9,i10,i11,i12,i14,i15,i16"
456,,,3,4,5,6,7,,,,11,12,,,,,"i3,i4,i5,i6,i7,i11,i12,"
457,,2,,,,,7,,,10,11,12,13,14,15,,"i2,i7,i10,i11,i12,i13,i14,i15,"
458,,,3,4,5,,,8,9,,,12,,,,,"i3,i4,i5,i8,i9,i12,"
459,,2,,,5,,,,9,10,11,12,13,14,15,16,"i2,i5,i9,i10,i11,i12,i13,i14,i15,i16"
460,,,3,,5,,7,8,,,,12,,,,16,"i3,i5,i7,i8,i12,i16"
461,1,,,,5,6,7,,9,10,,,,,15,16,"i1,i5,i6,i7,i9,i10,i15,i16"
462,,2,3,4,5,6,,,9,,,12,,,,,"i2,i3,i4,i5,i6,i9,i12,"
463,,,,4,5,6,,8,9,10,11,12,13,14,,16,"i4,i5,i6,i8,i9,i10,i11,i12,i13,i14,i16"
464,,,,,,,,,9,,,,,,,,"i9,"
465,,,3,,5,,7,,,,,,,14,,16,"i3,i5,i7,i14,i16"
466,1,2,,4,5,,,8,9,10,,,,,,,"i1,i2,i4,i5,i8,i9,i10,"
467,1,2,,,5,,7,,9,,11,12,13,14,15,16,"i1,i2,i5,i7,i9,i11,i12,i13,i14,i15,i16"
468,1,,3,,5,6,,8,,,,,,,15,,"i1,i3,i5,i6,i8,i15,"
469,1,2,,,,6,7,,,,11,,,,15,16,"i1,i2,i6,i7,i11,i15,i16"
470,1,,,,,,,,9,,,,13,14,,16,"i1,i9,i13,i14,i16"
471,1,,,,,6,,,,,11,,,,15,,"i1,i6,i11,i15,"
472,1,,3,4,,6,,8,9,,11,,13,,15,16,"i1,i3,i4,i6,i8,i9,i11,i13,i15,i16"
473,,2,,4,5,,7,,,,11,,13,,,16,"i2,i4,i5,i7,i11,i13,i16"
474,,,,4,5,,7,,,,,,,14,,,"i4,i5,i7,i14,"
475,1,2,,4,5,6,,8,9,10,,,,,,16,"i1,i2,i4,i5,i6,i8,i9,i10,i16"
476,1,,3,,5,,7,,,,11,,13,,,16,"i1,i3,i5,i7,i11,i13,i16"
477,,2,,4,5,6,,8,9,,11,12,,,15,,"i2,i4,i5,i6,i8,i9,i11,i12,i15,"
478,1,2,,4,5,6,7,,9,10,,,13,14,15,16,"i1,i2,i4,i5,i6,i7,i9,i10,i13,i14,i15,i16"
479,1,,,4,,6,7,,,,11,12,,,,,"i1,i4,i6,i7,i11,i12,"
480,1,2,,,5,,,,9,10,11,,13,14,15,16,"i1,i2,i5,i9,i10,i11,i13,i14,i15,i16"
481,1,,,4,5,6,,8,,10,11,,13,14,15,16,"i1,i4,i5,i6,i8,i10,i11,i13,i14,i15,i16"
482,,2,,,5,6,7,8,9,,,,,,15,16,"i2,i5,i6,i7,i8,i9,i15,i16"
483,,,,,,6,,,,,,,,14,,,"i6,i14,"
484,1,,,4,5,6,7,,9,10,11,12,13,14,,16,"i1,i4,i5,i6,i7,i9,i10,i11,i12,i13,i14,i16"
485,,,,4,5,,,,,,,12,13,14,,,"i4,i5,i12,i13,i14,"
486,,2,,4,,,,8,,10,11,12,,,,,"i2,i4,i8,i10,i11,i12,"
487,1,2,3,4,,,,8,9,,11,,13,,,16,"i1,i2,i3,i4,i8,i9,i11,i13,i16"
488,1,,,4,,6,,,,,11,,,,,,"i1,i4,i6,i11,"
489,,,,,,6,,8,,,,,,,,,"i6,i8,"
490,1,,,,5,6,,8,9,,,,,14,15,,"i1,i5,i6,i8,i9,i14,i15,"
491,,,,,,,,,9,,,12,,,,,"i9,i12,"
492,,2,,,,,7,8,9,10,,12,13,,15,16,"i2,i7,i8,i9,i10,i12,i13,i15,i16"
493,,,3,,,,,,9,,11,,,,,,"i3,i9,i11,"
494,1,,3,4,5,,,8,9,10,,12,13,14,,16,"i1,i3,i4,i5,i8,i9,i10,i12,i13,i14,i16"
495,,,,4,,,,,,,,,,,,,"i4,"
496,,,3,,,,,,,10,,,13,,15,,"i3,i10,i13,i15,"
497,,2,3,4,5,6,7,,9,10,11,12,,14,,16,"i2,i3,i4,i5,i6,i7,i9,i10,i11,i12,i14,i16"
498,1,,3,4,5,6,7,,9,10,11,,13,,,16,"i1,i3,i4,i5,i6,i7,i9,i10,i11,i13,i16"
499,,,,,,6,,,,,,,13,14,,,"i6,i13,i14,"
500,,,,4,5,6,,8,,,11,12,,14,15,16,"i4,i5,i6,i8,i11,i12,i14,i15,i16"
501,,,,,5,,,,,10,,,13,,,,"i5,i10,i13,"
502,,,,,5,6,,8,,,,,13,14,,,"i5,i6,i8,i13,i14,"
503,,,3,4,,,,8,,,,,,14,15,16,"i3,i4,i8,i14,i15,i16"
504,1,2,3,,5,6,,,9,,,,,,,16,"i1,i2,i3,i5,i6,i9,i16"
505,,2,,4,,,,8,9,,,,,,,,"i2,i4,i8,i9,"
506,1,,3,,,,,8,9,10,,,,14,,16,"i1,i3,i8,i9,i10,i14,i16"
507,,,,,,6,,,,,11,,,,15,,"i6,i11,i15,"
508,,,,,,,,,9,10,,,,,15,16,"i9,i10,i15,i16"
509,1,,3,,,6,7,,9,,,,,,,,"i1,i3,i6,i7,i9,"
510,1,,,,5,,7,,9,,11,,,14,15,,"i1,i5,i7,i9,i11,i14,i15,"
511,,,,,,,7,,,,,12,13,,,,"i7,i12,i13,"
512,,,3,,,,7,,,10,11,12,,,,,"i3,i7,i10,i11,i12,"
513,,,,4,,,,,9,,,,13,,,,"i4,i9,i13,"
514,1,,3,,,,7,8,9,10,,,,,15,,"i1,i3,i7,i8,i9,i10,i15,"
515,1,,3,,,,7,8,,10,11,12,,,15,16,"i1,i3,i7,i8,i10,i11,i12,i15,i16"
516,1,,3,4,5,6,7,8,,10,,12,13,,,16,"i1,i3,i4,i5,i6,i7,i8,i10,i12,i13,i16"
517,,,,,5,6,7,,9,10,,12,13,14,,16,"i5,i6,i7,i9,i10,i12,i13,i14,i16"
518,,2,,4,,,7,8,,,,,,,,16,"i2,i4,i7,i8,i16"
519,,,3,4,,6,7,,,,,,,,,,"i3,i4,i6,i7,"
520,,2,,,,6,7,,,10,,,,,15,16,"i2,i6,i7,i10,i15,i16"
521,1,2,3,,5,6,7,,9,10,,,13,,,16,"i1,i2,i3,i5,i6,i7,i9,i10,i13,i16"
522,1,,,,,,,,9,10,,12,,,15,,"i1,i9,i10,i12,i15,"
523,,,,4,,6,,,,10,,12,13,,,16,"i4,i6,i10,i12,i13,i16"
524,,2,,,,,,,,,,,,14,,,"i2,i14,"
525,,2,3,,,6,,8,,,,12,,,15,,"i2,i3,i6,i8,i12,i15,"
526,1,2,,4,5,6,7,,,,,,,,15,,"i1,i2,i4,i5,i6,i7,i15,"
527,,,,4,,,,,,,,,,,,,"i4,"
528,,2,,4,,6,,8,,10,,12,13,14,,16,"i2,i4,i6,i8,i10,i12,i13,i14,i16"
529,,,,4,,,,,9,,,,,,,,"i4,i9,"
530,1,,3,,,,,,,10,,,,,,16,"i1,i3,i10,i16"
531,,,,4,,6,,,9,10,11,12,,,,16,"i4,i6,i9,i10,i11,i12,i16"
532,1,,,,,,,,9,,,,,,,,"i1,i9,"
533,,2,,,5,6,,8,,,,12,,,15,16,"i2,i5,i6,i8,i12,i15,i16"
534,1,,,4,5,6,,,,10,,,,14,15,,"i1,i4,i5,i6,i10,i14,i15,"
535,,,,,,6,,,,,,12,,,15,,"i6,i12,i15,"
536,,,,,5,,7,8,9,10,,12,,14,,,"i5,i7,i8,i9,i10,i12,i14,"
537,,,,4,,6,7,8,9,10,11,,13,14,15,16,"i4,i6,i7,i8,i9,i10,i11,i13,i14,i15,i16"
538,,2,,4,,,,,9,,11,,,14,15,,"i2,i4,i9,i11,i14,i15,"
539,,2,,,,6,7,,,10,,,13,14,15,,"i2,i6,i7,i10,i13,i14,i15,"
540,,2,3,,,6,,8,9,10,,,,14,,,"i2,i3,i6,i8,i9,i10,i14,"
541,,2,3,,,,7,8,9,,11,,,14,,16,"i2,i3,i7,i8,i9,i11,i14,i16"
542,1,,,4,5,6,,8,,10,11,12,13,,,,"i1,i4,i5,i6,i8,i10,i11,i12,i13,"
543,,,,,5,6,,,9,,,,,,,,"i5,i6,i9,"
544,1,2,,4,5,6,7,,,,,12,13,,,,"i1,i2,i4,i5,i6,i7,i12,i13,"
545,,2,3,4,,6,,8,,,,,,,15,,"i2,i3,i4,i6,i8,i15,"
546,1,,,,5,6,,8,9,,,,,14,15,,"i1,i5,i6,i8,i9,i14,i15,"
547,,,3,,,,,,,,,,,,,16,"i3,i16"
548,,,3,,,,,,,,,,,,,16,"i3,i16"
549,,2,,,,6,,8,,,,12,13,14,15,,"i2,i6,i8,i12,i13,i14,i15,"
550,1,,3,4,,,,,,10,,,13,,15,,"i1,i3,i4,i10,i13,i15,"
551,1,2,3,,5,,7,8,9,10,11,,,14,15,,"i1,i2,i3,i5,i7,i8,i9,i10,i11,i14,i15,"
552,1,,3,,5,6,,8,,10,,12,13,14,15,16,"i1,i3,i5,i6,i8,i10,i12,i13,i14,i15,i16"
553,,,3,,,,7,8,,,11,,,,,,"i3,i7,i8,i11,"
554,,,,,5,,7,,9,10,11,12,,14,,16,"i5,i7,i9,i10,i11,i12,i14,i16"
555,,,,4,,6,,8,,,,,,14,15,16,"i4,i6,i8,i14,i15,i16"
556,1,,,4,,,,8,9,,,,,,,,"i1,i4,i8,i9,"
557,,,3,,,6,,8,9,,,12,,,,,"i3,i6,i8,i9,i12,"
558,,,3,,,,,8,9,,11,,13,,15,,"i3,i8,i9,i11,i13,i15,"
559,,,,4,,,,,9,,,,,14,,16,"i4,i9,i14,i16"
560,,2,,,5,,,,,,,,,,,,"i2,i5,"
561,,2,,4,,,,,,,,,,,15,,"i2,i4,i15,"
562,1,2,3,4,,,,,9,10,,,,14,,16,"i1,i2,i3,i4,i9,i10,i14,i16"
563,1,,,,,6,7,8,9,10,,12,13,14,15,16,"i1,i6,i7,i8,i9,i10,i12,i13,i14,i15,i16"
564,,,,4,,,,,,,,12,13,,,,"i4,i12,i13,"
565,,,,,,,,,9,,,12,,,,,"i9,i12,"
566,,2,,4,,,,8,,,11,12,,,15,,"i2,i4,i8,i11,i12,i15,"
567,,2,,,5,,,,,10,11,12,,,15,16,"i2,i5,i10,i11,i12,i15,i16"
568,1,,3,,,6,,,,,,,,14,15,16,"i1,i3,i6,i14,i15,i16"
569,1,2,3,,,6,7,,,10,11,12,,,15,16,"i1,i2,i3,i6,i7,i10,i11,i12,i15,i16"
570,1,2,3,4,,6,,,9,,11,12,,,,,"i1,i2,i3,i4,i6,i9,i11,i12,"
571,1,2,3,,,6,,8,,10,11,,13,,15,,"i1,i2,i3,i6,i8,i10,i11,i13,i15,"
572,,,3,,5,,7,8,,10,11,,,14,,16,"i3,i5,i7,i8,i10,i11,i14,i16"
573,,2,,,5,6,,,,10,,12,13,14,15,,"i2,i5,i6,i10,i12,i13,i14,i15,"
574,1,,3,4,,6,,8,9,,,12,13,14,15,16,"i1,i3,i4,i6,i8,i9,i12,i13,i14,i15,i16"
575,,,,4,,,,,9,,,,13,14,,,"i4,i9,i13,i14,"
576,1,,3,,5,6,,,,10,11,,,,,,"i1,i3,i5,i6,i10,i11,"
577,,2,,4,,,7,8,9,10,,,13,14,15,16,"i2,i4,i7,i8,i9,i10,i13,i14,i15,i16"
578,,,,4,,6,,8,9,,11,12,13,,,,"i4,i6,i8,i9,i11,i12,i13,"
579,1,,3,4,,6,,,9,10,11,12,,14,,,"i1,i3,i4,i6,i9,i10,i11,i12,i14,"
580,,,,,,,,,,,11,,,,,,"i11,"
581,,,,,,6,,,,,,,,,,,"i6,"
582,,,3,,5,,,,9,10,11,,,,,,"i3,i5,i9,i10,i11,"
583,1,2,3,4,5,,,,9,10,11,,13,,,,"i1,i2,i3,i4,i5,i9,i10,i11,i13,"
584,,2,,4,,,,,,,11,12,13,,,,"i2,i4,i11,i12,i13,"
585,1,,,4,,6,,8,,,11,12,,,,16,"i1,i4,i6,i8,i11,i12,i16"
586,,,3,,5,6,7,,9,10,,,13,,15,16,"i3,i5,i6,i7,i9,i10,i13,i15,i16"
587,,,,4,5,,,8,,,,,13,,,,"i4,i5,i8,i13,"
588,,,3,,5,,7,,9,10,,,,14,,,"i3,i5,i7,i9,i10,i14,"
589,,,,,,,,,,,,12,13,,,,"i12,i13,"
590,,2,3,,,,,,9,,,12,13,,,,"i2,i3,i9,i12,i13,"
591,,,3,,5,6,,8,,,,12,13,14,,,"i3,i5,i6,i8,i12,i13,i14,"
592,,2,3,4,5,6,7,8,9,10,,,13,,15,16,"i2,i3,i4,i5,i6,i7,i8,i9,i10,i13,i15,i16"
593,1,,,4,5,,7,8,,10,11,12,13,,,,"i1,i4,i5,i7,i8,i10,i11,i12,i13,"
594,1,2,3,,,6,,8,,10,,,13,14,15,16,"i1,i2,i3,i6,i8,i10,i13,i14,i15,i16"
595,,2,3,4,,,7,8,9,,,,,,,16,"i2,i3,i4,i7,i8,i9,i16"
596,,,3,,5,6,7,8,9,,,12,,14,15,,"i3,i5,i6,i7,i8,i9,i12,i14,i15,"
597,,2,,4,,,,8,,,,,,,,,"i2,i4,i8,"
598,,,,,,,,8,,,,,,,,,"i8,"
599,,,,,,,,8,9,10,,12,13,,,,"i8,i9,i10,i12,i13,"
600,,2,3,,,,7,8,,,,12,,,15,,"i2,i3,i7,i8,i12,i15,"
601,,,,,,,,,,,11,,,,,,"i11,"
602,,2,,,5,,,,,,11,12,,,,,"i2,i5,i11,i12,"
603,,,,,,,,,,10,,,,,,,"i10,"
604,,,3,,,6,7,,,10,11,12,,14,15,16,"i3,i6,i7,i10,i11,i12,i14,i15,i16"
605,,,3,,5,,,8,9,,,12,,,15,16,"i3,i5,i8,i9,i12,i15,i16"
606,1,2,,,5,,,8,,,,,,14,,,"i1,i2,i5,i8,i14,"
607,1,2,,,5,,7,,,10,,,13,,15,16,"i1,i2,i5,i7,i10,i13,i15,i16"
608,,2,,,5,6,7,8,,,,,13,,15,,"i2,i5,i6,i7,i8,i13,i15,"
609,,,,,,,7,,,,,12,,,,16,"i7,i12,i16"
610,,2,,,5,6,7,,,,,12,13,14,15,,"i2,i5,i6,i7,i12,i13,i14,i15,"
611,,,3,4,5,,7,,9,,,12,,14,15,16,"i3,i4,i5,i7,i9,i12,i14,i15,i16"
612,,,3,,,,7,,,10,,,,14,,,"i3,i7,i10,i14,"
613,,,,,,,7,,,,,,,14,,,"i7,i14,"
614,1,,,4,,6,7,8,9,10,11,12,13,,,16,"i1,i4,i6,i7,i8,i9,i10,i11,i12,i13,i16"
615,,,,,,,,8,,,,,,,,,"i8,"
616,1,,3,4,,,,,,10,11,12,,,,,"i1,i3,i4,i10,i11,i12,"
617,,,3,,5,,7,,,10,,,13,,,16,"i3,i5,i7,i10,i13,i16"
618,,,,,5,,,8,9,,,12,,,,,"i5,i8,i9,i12,"
619,,,3,,,,7,,,,,,13,,,,"i3,i7,i13,"
620,1,2,,4,5,,7,8,,10,11,,13,14,15,,"i1,i2,i4,i5,i7,i8,i10,i11,i13,i14,i15,"
621,,2,,,,,7,,,,,,13,,,16,"i2,i7,i13,i16"
622,,,,4,,6,,,,,11,,,,,,"i4,i6,i11,"
623,,2,3,,,,7,8,,,11,12,13,14,15,16,"i2,i3,i7,i8,i11,i12,i13,i14,i15,i16"
624,1,2,3,,5,6,7,8,9,10,11,12,13,,15,,"i1,i2,i3,i5,i6,i7,i8,i9,i10,i11,i12,i13,i15,"
625,1,,,4,,,,,,10,,,,,15,,"i1,i4,i10,i15,"
626,,,,,5,,7,8,,,,,,,,,"i5,i7,i8,"
627,,,3,,,,,8,,,11,,,14,15,,"i3,i8,i11,i14,i15,"
628,1,2,3,,5,6,,8,,,11,,13,14,15,16,"i1,i2,i3,i5,i6,i8,i11,i13,i14,i15,i16"
629,,,3,4,5,6,7,8,9,,,,13,14,,,"i3,i4,i5,i6,i7,i8,i9,i13,i14,"
630,,2,,,,,,,,,,,,14,,,"i2,i14,"
631,,,,,,,,,,,,12,,,,,"i12,"
632,,2,,,,,,8,,,,,,,,16,"i2,i8,i16"
633,1,,,,,,,,,,,12,13,14,,16,"i1,i12,i13,i14,i16"
634,,2,3,,5,6,,8,,10,,,13,,,,"i2,i3,i5,i6,i8,i10,i13,"
635,,,,4,5,6,7,8,,10,,12,,,,16,"i4,i5,i6,i7,i8,i10,i12,i16"
636,1,,3,,5,6,,,,10,,,,,,,"i1,i3,i5,i6,i10,"
637,1,,3,,,,,,,10,11,,,14,,,"i1,i3,i10,i11,i14,"
638,,,,4,,,,,,,,,13,,,,"i4,i13,"
639,1,,,,,6,,8,,,11,,,14,,,"i1,i6,i8,i11,i14,"
640,,2,3,,,,,8,9,10,,12,13,14,,,"i2,i3,i8,i9,i10,i12,i13,i14,"
641,,,,,,,,,,10,11,12,13,,,16,"i10,i11,i12,i13,i16"
642,,,3,,5,6,,8,,,11,12,13,,,,"i3,i5,i6,i8,i11,i12,i13,"
643,,,3,,,,,,,,11,,,,,,"i3,i11,"
644,,,3,4,5,6,7,,,10,,12,,,,16,"i3,i4,i5,i6,i7,i10,i12,i16"
645,,,,4,,,,,,,11,,13,,,,"i4,i11,i13,"
646,1,2,,,,6,,8,9,,,12,13,14,15,16,"i1,i2,i6,i8,i9,i12,i13,i14,i15,i16"
647,1,,,,5,6,,,,10,,,13,,15,16,"i1,i5,i6,i10,i13,i15,i16"
648,1,,3,,,,7,8,,10,,12,,,,,"i1,i3,i7,i8,i10,i12,"
649,,2,,4,,,,8,9,10,11,12,,14,,16,"i2,i4,i8,i9,i10,i11,i12,i14,i16"
650,1,,3,,,,,,,,,12,,,,,"i1,i3,i12,"
651,1,,3,4,5,6,,8,,,11,12,,,15,,"i1,i3,i4,i5,i6,i8,i11,i12,i15,"
652,1,2,3,4,,6,,8,9,,11,12,,,15,16,"i1,i2,i3,i4,i6,i8,i9,i11,i12,i15,i16"
653,,,,4,5,,7,,,10,,,,14,15,16,"i4,i5,i7,i10,i14,i15,i16"
654,,,3,4,,,7,,9,10,11,12,,,15,,"i3,i4,i7,i9,i10,i11,i12,i15,"
655,1,2,3,,,6,7,,,,,,,,,,"i1,i2,i3,i6,i7,"
656,1,2,3,,,6,7,8,,,,,13,,15,16,"i1,i2,i3,i6,i7,i8,i13,i15,i16"
657,,,3,4,5,6,,8,9,,11,12,,,15,,"i3,i4,i5,i6,i8,i9,i11,i12,i15,"
658,1,,,,,6,,,9,,11,,,,15,,"i1,i6,i9,i11,i15,"
659,,,3,4,,,7,,,,11,12,,,,,"i3,i4,i7,i11,i12,"
660,,2,,,,,,,9,10,,,,,,,"i2,i9,i10,"
661,,2,,,5,,7,,,10,,,,,,16,"i2,i5,i7,i10,i16"
662,,2,3,4,5,6,,8,,,,,,,,,"i2,i3,i4,i5,i6,i8,"
663,,,,,5,,,,,,,,,,,,"i5,"
664,,,3,,,,,8,9,,11,,,14,,16,"i3,i8,i9,i11,i14,i16"
665,1,,3,,,,7,8,9,10,11,12,,,15,16,"i1,i3,i7,i8,i9,i10,i11,i12,i15,i16"
666,1,,3,4,5,,7,,9,10,11,,,,15,16,"i1,i3,i4,i5,i7,i9,i10,i11,i15,i16"
667,,2,,4,,6,,,9,,11,12,13,14,15,16,"i2,i4,i6,i9,i11,i12,i13,i14,i15,i16"
668,,2,3,,5,,,,,,11,,13,,15,,"i2,i3,i5,i11,i13,i15,"
669,,2,,4,,,7,,,,11,,13,,15,,"i2,i4,i7,i11,i13,i15,"
670,1,2,,4,5,,7,,9,,,12,13,14,15,16,"i1,i2,i4,i5,i7,i9,i12,i13,i14,i15,i16"
671,1,,,,,,,,,,,,,,,,"i1,"
672,1,2,,4,,6,,8,9,,11,12,,14,,16,"i1,i2,i4,i6,i8,i9,i11,i12,i14,i16"
673,1,2,,4,5,6,,8,,10,,,,,,,"i1,i2,i4,i5,i6,i8,i10,"
674,,,,4,,6,7,,9,10,,12,13,14,,16,"i4,i6,i7,i9,i10,i12,i13,i14,i16"
675,,2,,,,,7,,,10,,,,,,16,"i2,i7,i10,i16"
676,,,,,,6,7,,,10,,,,14,15,16,"i6,i7,i10,i14,i15,i16"
677,,,,4,,,,,,,,,,14,,16,"i4,i14,i16"
678,1,,,4,,,,8,9,10,11,12,13,,,16,"i1,i4,i8,i9,i10,i11,i12,i13,i16"
679,1,,,4,5,6,,,9,,,12,13,14,15,,"i1,i4,i5,i6,i9,i12,i13,i14,i15,"
680,,2,3,4,5,,7,8,9,10,,12,,,15,16,"i2,i3,i4,i5,i7,i8,i9,i10,i12,i15,i16"
681,,2,3,,5,,,8,,,11,12,13,,,,"i2,i3,i5,i8,i11,i12,i13,"
682,1,,,4,,6,,8,,,,,,,,16,"i1,i4,i6,i8,i16"
683,,2,,4,5,,,8,,,11,,13,,,16,"i2,i4,i5,i8,i11,i13,i16"
684,,,,,,,7,8,9,,,,,14,15,,"i7,i8,i9,i14,i15,"
685,1,,3,,,,,8,9,10,,,13,14,,,"i1,i3,i8,i9,i10,i13,i14,"
686,1,,3,,5,,,,9,10,11,,13,,15,,"i1,i3,i5,i9,i10,i11,i13,i15,"
687,,2,,4,,6,,8,,10,,,,14,15,,"i2,i4,i6,i8,i10,i14,i15,"
688,,,,,5,,7,,,,,,,,15,16,"i5,i7,i15,i16"
689,,2,3,,5,6,,,9,10,11,,,14,,16,"i2,i3,i5,i6,i9,i10,i11,i14,i16"
690,,2,3,,5,,,8,9,10,11,12,13,,,,"i2,i3,i5,i8,i9,i10,i11,i12,i13,"
691,1,2,,,,6,,8,,10,11,12,,14,,16,"i1,i2,i6,i8,i10,i11,i12,i14,i16"
692,,,,,,,,8,,,,,,,,,"i8,"
693,,,,,5,6,7,,9,10,11,,13,,,,"i5,i6,i7,i9,i10,i11,i13,"
694,1,,,4,,,7,,9,,11,12,,,,16,"i1,i4,i7,i9,i11,i12,i16"
695,,2,,,,,7,,,,,,,,,,"i2,i7,"
696,,2,3,,5,,7,8,,10,,,,,,16,"i2,i3,i5,i7,i8,i10,i16"
697,1,,,,5,,,8,,,,,,,15,,"i1,i5,i8,i15,"
698,,,3,4,,,,,9,10,11,,13,,15,,"i3,i4,i9,i10,i11,i13,i15,"
699,1,,3,,5,6,7,8,9,,,,,14,,16,"i1,i3,i5,i6,i7,i8,i9,i14,i16"
700,,2,3,,,,,,,,,12,,14,,,"i2,i3,i12,i14,"
701,1,2,,,5,,7,8,9,10,,12,,14,15,,"i1,i2,i5,i7,i8,i9,i10,i12,i14,i15,"
702,1,2,,,,6,7,,,10,11,12,,14,,16,"i1,i2,i6,i7,i10,i11,i12,i14,i16"
703,,,,,5,6,,,,,,,,,,,"i5,i6,"
704,,,3,,,6,,,9,10,,,,,,,"i3,i6,i9,i10,"
705,,,3,4,5,,7,8,,,,,13,,,,"i3,i4,i5,i7,i8,i13,"
706,1,2,,4,,6,,,9,10,11,,,,15,,"i1,i2,i4,i6,i9,i10,i11,i15,"
707,1,,,4,,,,,9,10,11,,,,,,"i1,i4,i9,i10,i11,"
708,1,2,,,5,,,,9,10,,12,,,,,"i1,i2,i5,i9,i10,i12,"
709,1,,,,5,6,,8,9,,11,12,,,,16,"i1,i5,i6,i8,i9,i11,i12,i16"
710,,,,,,,,,9,10,,12,,,15,16,"i9,i10,i12,i15,i16"
711,,2,,,,,,,,,,,,14,,,"i2,i14,"
712,,,,,,6,,,,,,,,,,,"i6,"
713,,,3,,,6,7,8,,10,11,,13,,15,16,"i3,i6,i7,i8,i10,i11,i13,i15,i16"
714,,2,,,,,,,,,11,,,,,16,"i2,i11,i16"
715,,2,3,4,5,,,8,,,,,13,,,,"i2,i3,i4,i5,i8,i13,"
716,1,,3,,,,7,,,10,,12,,14,15,,"i1,i3,i7,i10,i12,i14,i15,"
717,1,2,,,,,,8,,,,,13,14,,,"i1,i2,i8,i13,i14,"
718,1,2,3,,5,6,,8,9,,,,,14,15,16,"i1,i2,i3,i5,i6,i8,i9,i14,i15,i16"
719,,,,,,,7,,,,,,,,,16,"i7,i16"
720,1,,,,5,,7,,,,,,,14,,16,"i1,i5,i7,i14,i16"
721,1,,,,5,,,,,10,,,,,15,16,"i1,i5,i10,i15,i16"
722,1,2,3,,5,,,,,10,,,,,15,16,"i1,i2,i3,i5,i10,i15,i16"
723,,,,4,,,,,,,11,,,14,,,"i4,i11,i14,"
724,,,,4,5,,7,,9,,11,,13,,,,"i4,i5,i7,i9,i11,i13,"
725,1,,,4,5,6,7,,9,10,,12,13,,,16,"i1,i4,i5,i6,i7,i9,i10,i12,i13,i16"
726,,2,3,4,,,,,,10,,,,,15,16,"i2,i3,i4,i10,i15,i16"
727,,,3,4,,6,7,8,9,,11,12,13,14,,16,"i3,i4,i6,i7,i8,i9,i11,i12,i13,i14,i16"
728,1,,3,4,5,6,,,,10,,12,,,,16,"i1,i3,i4,i5,i6,i10,i12,i16"
729,,,3,4,,6,7,,,,,,13,,,,"i3,i4,i6,i7,i13,"
730,,,,,5,,7,8,,10,11,,,,,,"i5,i7,i8,i10,i11,"
731,,2,,,,,7,,,,11,,,,,,"i2,i7,i11,"
732,,,,,,,,,,10,,,,,,,"i10,"
733,1,2,,,,6,,,9,,11,,13,,15,16,"i1,i2,i6,i9,i11,i13,i15,i16"
734,1,,3,,,,7,8,,10,11,,,14,,16,"i1,i3,i7,i8,i10,i11,i14,i16"
735,,,,4,,,,,,,11,,,14,15,16,"i4,i11,i14,i15,i16"
736,,,,4,,,,,,,,,,,,,"i4,"
737,1,,,,5,6,,,,10,,,,,15,,"i1,i5,i6,i10,i15,"
738,,2,3,4,5,6,,8,9,10,,12,,,15,,"i2,i3,i4,i5,i6,i8,i9,i10,i12,i15,"
739,1,,3,4,,6,7,8,,10,11,12,13,,,,"i1,i3,i4,i6,i7,i8,i10,i11,i12,i13,"
740,1,,3,,5,,7,8,,,11,12,13,14,15,,"i1,i3,i5,i7,i8,i11,i12,i13,i14,i15,"
741,,,,4,,,7,8,,,,12,,,,,"i4,i7,i8,i12,"
742,,,,,,,,,,10,11,,,,,16,"i10,i11,i16"
743,,2,,,,6,,,9,10,11,,,14,15,,"i2,i6,i9,i10,i11,i14,i15,"
744,,,,4,,6,,,,,,,,,15,,"i4,i6,i15,"
745,1,,3,4,5,,,8,9,,11,,13,,,16,"i1,i3,i4,i5,i8,i9,i11,i13,i16"
746,,2,,4,,6,7,8,9,10,,,,14,,16,"i2,i4,i6,i7,i8,i9,i10,i14,i16"
747,1,2,,,,,7,8,9,10,,12,,14,,16,"i1,i2,i7,i8,i9,i10,i12,i14,i16"
748,,2,,,,,,,9,,,,,,,16,"i2,i9,i16"
749,1,2,3,4,5,6,,,,,,12,,,15,,"i1,i2,i3,i4,i5,i6,i12,i15,"
750,,,3,,,,,,,10,,12,13,,15,,"i3,i10,i12,i13,i15,"
751,1,2,3,,,6,7,8,9,10,,12,,14,15,,"i1,i2,i3,i6,i7,i8,i9,i10,i12,i14,i15,"
752,,2,3,,,6,,8,,10,11,12,13,,15,,"i2,i3,i6,i8,i10,i11,i12,i13,i15,"
753,,,3,4,,,7,,9,10,11,,,,,16,"i3,i4,i7,i9,i10,i11,i16"
754,,,,4,,,,8,,10,11,12,13,14,,16,"i4,i8,i10,i11,i12,i13,i14,i16"
755,,2,3,,,6,7,,,10,,12,,,,16,"i2,i3,i6,i7,i10,i12,i16"
756,,2,,4,,,7,,9,,11,,,,,,"i2,i4,i7,i9,i11,"
757,,2,,4,5,6,7,8,9,,11,12,13,,15,,"i2,i4,i5,i6,i7,i8,i9,i11,i12,i13,i15,"
758,,2,3,,,,,8,,,,12,,,,16,"i2,i3,i8,i12,i16"
759,,2,3,,,6,,,,,11,12,13,,,16,"i2,i3,i6,i11,i12,i13,i16"
760,1,,3,4,,,,8,9,,,12,13,14,15,,"i1,i3,i4,i8,i9,i12,i13,i14,i15,"
761,,2,3,4,,,,,,,11,12,13,,15,16,"i2,i3,i4,i11,i12,i13,i15,i16"
762,1,,,4,5,,7,,,,11,12,,,,,"i1,i4,i5,i7,i11,i12,"
763,,,,4,5,6,,8,9,10,11,,,,15,,"i4,i5,i6,i8,i9,i10,i11,i15,"
764,1,2,3,4,5,6,7,,9,,11,,13,14,15,,"i1,i2,i3,i4,i5,i6,i7,i9,i11,i13,i14,i15,"
765,,,,,,6,,8,,,11,,,,,,"i6,i8,i11,"
766,1,2,3,,,,7,,9,,11,12,,,15,16,"i1,i2,i3,i7,i9,i11,i12,i15,i16"
767,,,,,5,6,7,8,9,,11,,,,,16,"i5,i6,i7,i8,i9,i11,i16"
768,,,,4,5,,,8,9,10,,12,,14,15,,"i4,i5,i8,i9,i10,i12,i14,i15,"
769,,,,,,,7,,,,,12,,,,16,"i7,i12,i16"
770,,,,,5,,,,9,10,,,,14,15,,"i5,i9,i10,i14,i15,"
771,,,,,,,,,9,,11,,13,,,16,"i9,i11,i13,i16"
772,1,,,4,,6,7,,9,10,,,,14,15,,"i1,i4,i6,i7,i9,i10,i14,i15,"
773,1,2,,,5,,,8,9,,,,13,14,15,16,"i1,i2,i5,i8,i9,i13,i14,i15,i16"
774,1,2,,,,6,,8,,10,,12,,14,15,16,"i1,i2,i6,i8,i10,i12,i14,i15,i16"
775,,,3,,,,,,,,,,,14,,,"i3,i14,"
776,,,3,,,6,7,,9,10,11,12,13,14,,16,"i3,i6,i7,i9,i10,i11,i12,i13,i14,i16"
777,1,2,3,,5,6,,,9,10,,12,13,,,,"i1,i2,i3,i5,i6,i9,i10,i12,i13,"
778,,,,,,,,,,10,,,,14,,,"i10,i14,"
779,,2,,4,,6,7,,,,,12,13,,,,"i2,i4,i6,i7,i12,i13,"
780,1,,3,4,,6,,,,,11,,,,,,"i1,i3,i4,i6,i11,"
781,,,,,,,7,,,,11,,,14,15,,"i7,i11,i14,i15,"
782,,,,4,,6,7,,,,,12,,,15,,"i4,i6,i7,i12,i15,"
783,,,,,,,7,,,,,,,,,,"i7,"
784,,,,,,,7,,,,,,13,14,,,"i7,i13,i14,"
785,,,,,,6,7,,,,,,13,14,,,"i6,i7,i13,i14,"
786,,,,4,,,7,,,,,,,,,,"i4,i7,"
787,,2,,4,,,7,,,,,,,14,,,"i2,i4,i7,i14,"
788,,2,3,,5,,,,,,,,13,,,16,"i2,i3,i5,i13,i16"
789,,,3,4,5,,7,,,,11,,13,14,15,,"i3,i4,i5,i7,i11,i13,i14,i15,"
790,1,,,4,,,7,,9,,,,13,,15,,"i1,i4,i7,i9,i13,i15,"
791,1,2,,4,5,6,7,,,,11,,13,,15,,"i1,i2,i4,i5,i6,i7,i11,i13,i15,"
792,,,,4,,6,,,9,10,,,13,,,16,"i4,i6,i9,i10,i13,i16"
793,,2,,,,6,,8,9,,11,,13,14,,,"i2,i6,i8,i9,i11,i13,i14,"
794,,,,,,,,,,,,,,14,,,"i14,"
795,,,,,,,7,8,9,,,,,,,16,"i7,i8,i9,i16"
796,,,3,4,5,,,,,10,11,,13,,15,,"i3,i4,i5,i10,i11,i13,i15,"
797,,,,,,,,8,,,,,,,,,"i8,"
798,,,,,,,,,9,,,,,,,,"i9,"
799,,,,,,,,8,,,,12,,,15,,"i8,i12,i15,"
800,,2,3,,5,,7,8,,10,,12,13,14,,16,"i2,i3,i5,i7,i8,i10,i12,i13,i14,i16"
801,1,,3,,5,6,,,,10,,12,13,14,,16,"i1,i3,i5,i6,i10,i12,i13,i14,i16"
802,,2,3,4,5,,,,9,,11,,13,,,,"i2,i3,i4,i5,i9,i11,i13,"
803,,,3,4,5,,7,8,,10,,,13,14,,,"i3,i4,i5,i7,i8,i10,i13,i14,"
804,,2,,,,6,,8,,10,,,,,,,"i2,i6,i8,i10,"
805,1,2,3,4,,,7,,,10,11,12,13,,15,16,"i1,i2,i3,i4,i7,i10,i11,i12,i13,i15,i16"
806,1,,,,,,7,,,,,12,,,15,,"i1,i7,i12,i15,"
807,,,3,,,6,7,,9,,11,,13,,15,16,"i3,i6,i7,i9,i11,i13,i15,i16"
808,,2,,4,,,7,8,,10,11,12,13,,15,,"i2,i4,i7,i8,i10,i11,i12,i13,i15,"
809,,,,,5,6,7,,,10,11,,13,14,,,"i5,i6,i7,i10,i11,i13,i14,"
810,,,3,4,,6,,,9,,,12,,14,,16,"i3,i4,i6,i9,i12,i14,i16"
811,,2,,4,5,6,7,8,,,11,,,,15,16,"i2,i4,i5,i6,i7,i8,i11,i15,i16"
812,1,2,,,,,,,9,,,,13,14,15,16,"i1,i2,i9,i13,i14,i15,i16"
813,1,,,,,6,7,,,10,11,,,,,16,"i1,i6,i7,i10,i11,i16"
814,,,,,,,,,,10,,,,14,,,"i10,i14,"
815,,,,,,,7,,,,11,12,13,14,15,,"i7,i11,i12,i13,i14,i15,"
816,1,2,,,,,,,,,,12,13,14,15,16,"i1,i2,i12,i13,i14,i15,i16"
817,,,,4,,,,,,,,,,,15,,"i4,i15,"
818,1,,,4,,,,,9,10,,,13,,15,16,"i1,i4,i9,i10,i13,i15,i16"
819,,2,,4,5,,,8,,,11,,13,,,16,"i2,i4,i5,i8,i11,i13,i16"
820,,,,4,5,,7,,9,,11,12,,14,,,"i4,i5,i7,i9,i11,i12,i14,"
821,,,,,,,7,,9,,,,,,,,"i7,i9,"
822,,,,,5,,7,8,,,,12,13,,,,"i5,i7,i8,i12,i13,"
823,,,,,,,,,,,,,13,,,,"i13,"
824,,2,3,,5,,,8,9,10,11,12,13,,,16,"i2,i3,i5,i8,i9,i10,i11,i12,i13,i16"
825,,,3,,5,,,,,,,,,,,16,"i3,i5,i16"
826,1,,,,,,7,,,,,,13,,15,16,"i1,i7,i13,i15,i16"
827,,,3,,,,,,9,,,,13,,,16,"i3,i9,i13,i16"
828,,2,3,4,,6,7,,,10,11,,,14,,16,"i2,i3,i4,i6,i7,i10,i11,i14,i16"
829,,2,,,,6,7,,,,11,12,13,14,15,,"i2,i6,i7,i11,i12,i13,i14,i15,"
830,,,3,,,,,8,,10,,,,14,,16,"i3,i8,i10,i14,i16"
831,,2,,4,5,,7,,,10,11,,13,,,16,"i2,i4,i5,i7,i10,i11,i13,i16"
832,,,,4,,,,8,9,,,,13,,15,16,"i4,i8,i9,i13,i15,i16"
833,1,,3,,,6,,,9,,,,,,,,"i1,i3,i6,i9,"
834,1,2,,,,6,,,9,10,11,12,,,15,16,"i1,i2,i6,i9,i10,i11,i12,i15,i16"
835,,2,,4,5,6,,8,,10,,12,,14,,16,"i2,i4,i5,i6,i8,i10,i12,i14,i16"
836,,,,,,,7,8,,,,12,13,,,,"i7,i8,i12,i13,"
837,1,,3,4,,6,,,,,,12,,14,15,,"i1,i3,i4,i6,i12,i14,i15,"
838,1,,3,,5,6,7,8,9,10,,,,14,,16,"i1,i3,i5,i6,i7,i8,i9,i10,i14,i16"
839,,2,,,,,,8,,,11,12,13,,15,,"i2,i8,i11,i12,i13,i15,"
840,1,,3,,,6,,8,9,,11,12,,14,,,"i1,i3,i6,i8,i9,i11,i12,i14,"
841,,2,3,4,5,,7,,9,,11,,,14,15,,"i2,i3,i4,i5,i7,i9,i11,i14,i15,"
842,,,3,,,,,,,,,,,,,,"i3,"
843,,,,,,,7,,,,,,,,,,"i7,"
844,,2,,4,5,,,,,,,,,,,,"i2,i4,i5,"
845,1,2,,,,6,7,,9,10,,,13,14,15,,"i1,i2,i6,i7,i9,i10,i13,i14,i15,"
846,1,,3,,5,,,,,,,,,,,,"i1,i3,i5,"
847,,2,,4,5,,7,8,9,10,,,13,14,,,"i2,i4,i5,i7,i8,i9,i10,i13,i14,"
848,1,,3,,5,,7,,9,10,,,,,,16,"i1,i3,i5,i7,i9,i10,i16"
849,1,,3,4,,,,8,9,10,,,,,,,"i1,i3,i4,i8,i9,i10,"
850,,2,,,,6,,8,,,11,12,13,,15,,"i2,i6,i8,i11,i12,i13,i15,"
851,,,,,,,,,,,,12,,,,,"i12,"
852,,2,3,4,,,,8,9,10,11,12,13,14,,,"i2,i3,i4,i8,i9,i10,i11,i12,i13,i14,"
853,1,,3,4,,,7,8,9,10,11,,13,,15,16,"i1,i3,i4,i7,i8,i9,i10,i11,i13,i15,i16"
854,,2,,,5,6,7,,,,11,12,13,,,16,"i2,i5,i6,i7,i11,i12,i13,i16"
855,,,3,4,5,,7,,9,10,,,13,,,16,"i3,i4,i5,i7,i9,i10,i13,i16"
856,1,,3,4,5,,7,8,,10,,12,,14,15,16,"i1,i3,i4,i5,i7,i8,i10,i12,i14,i15,i16"
857,1,2,3,4,,,7,,,,11,,,,15,16,"i1,i2,i3,i4,i7,i11,i15,i16"
858,,,3,,,,7,,,,,,,,,,"i3,i7,"
859,1,,,,5,,7,,,10,,,,14,15,16,"i1,i5,i7,i10,i14,i15,i16"
860,,,,,5,6,7,8,,,,,13,,15,,"i5,i6,i7,i8,i13,i15,"
861,1,2,,,,,7,,,,11,12,,,,,"i1,i2,i7,i11,i12,"
862,,,,,,6,,,9,,,12,13,,15,,"i6,i9,i12,i13,i15,"
863,1,2,3,4,5,,,8,,,,12,13,14,,16,"i1,i2,i3,i4,i5,i8,i12,i13,i14,i16"
864,,2,,4,5,6,,8,9,10,11,12,,14,,16,"i2,i4,i5,i6,i8,i9,i10,i11,i12,i14,i16"
865,1,,,,,,7,8,,,,,,,15,,"i1,i7,i8,i15,"
866,,,,,,,7,,,10,,,,,,,"i7,i10,"
867,1,,,,,,7,8,,10,11,,,14,15,16,"i1,i7,i8,i10,i11,i14,i15,i16"
868,1,2,3,,,,,,,,,12,,14,,,"i1,i2,i3,i12,i14,"
869,,,,,5,,,,,10,,,13,,,,"i5,i10,i13,"
870,1,2,3,4,,6,,8,9,,11,,,14,,16,"i1,i2,i3,i4,i6,i8,i9,i11,i14,i16"
871,1,2,3,,,,7,,,,,,,14,,,"i1,i2,i3,i7,i14,"
872,1,,3,,,,,8,,,,12,,,15,16,"i1,i3,i8,i12,i15,i16"
873,1,,3,4,5,6,7,8,9,,,12,13,14,15,,"i1,i3,i4,i5,i6,i7,i8,i9,i12,i13,i14,i15,"
874,,2,,4,,6,7,,,10,,12,,14,15,16,"i2,i4,i6,i7,i10,i12,i14,i15,i16"
875,,2,3,,5,,,8,9,,,12,,14,,16,"i2,i3,i5,i8,i9,i12,i14,i16"
876,,,3,,,6,,8,,10,11,12,13,14,,16,"i3,i6,i8,i10,i11,i12,i13,i14,i16"
877,,2,,,5,6,7,,,,,,,,,16,"i2,i5,i6,i7,i16"
878,1,2,,,5,,7,,,10,,,,,,,"i1,i2,i5,i7,i10,"
879,,,3,,,,7,8,9,,,,13,,,16,"i3,i7,i8,i9,i13,i16"
880,,2,,4,5,,7,8,9,,,,13,,15,,"i2,i4,i5,i7,i8,i9,i13,i15,"
881,,2,,,,6,,,,10,,12,13,,15,,"i2,i6,i10,i12,i13,i15,"
882,1,2,,4,5,,,8,9,,11,,13,14,15,16,"i1,i2,i4,i5,i8,i9,i11,i13,i14,i15,i16"
883,,2,,4,,6,,8,,10,,12,13,,15,16,"i2,i4,i6,i8,i10,i12,i13,i15,i16"
884,,,3,4,5,6,,,,10,11,12,13,,,,"i3,i4,i5,i6,i10,i11,i12,i13,"
885,,,,4,,,,,,,,,,,15,,"i4,i15,"
886,,,,,,,7,,9,,,,,,15,,"i7,i9,i15,"
887,,2,,4,,,,,9,,11,12,,,15,,"i2,i4,i9,i11,i12,i15,"
888,1,2,3,,,,,,,,,,13,,15,,"i1,i2,i3,i13,i15,"
889,,,,,,,7,,,,,12,,14,,16,"i7,i12,i14,i16"
890,,2,3,4,5,6,,8,9,10,,12,,,15,16,"i2,i3,i4,i5,i6,i8,i9,i10,i12,i15,i16"
891,,,,4,5,,,8,9,,11,12,,14,,16,"i4,i5,i8,i9,i11,i12,i14,i16"
892,,2,3,,,,7,8,,10,11,12,13,14,,,"i2,i3,i7,i8,i10,i11,i12,i13,i14,"
893,,2,,4,5,,,,,10,11,12,,,15,16,"i2,i4,i5,i10,i11,i12,i15,i16"
894,,,,4,,,,,9,,,,13,,,,"i4,i9,i13,"
895,1,,3,,,6,7,,,10,11,12,,14,15,,"i1,i3,i6,i7,i10,i11,i12,i14,i15,"
896,1,2,3,,,6,7,8,9,10,,,13,,,,"i1,i2,i3,i6,i7,i8,i9,i10,i13,"
897,,,,4,5,6,7,8,9,10,,,,,15,16,"i4,i5,i6,i7,i8,i9,i10,i15,i16"
898,1,2,3,,5,,7,8,9,10,11,12,13,,,,"i1,i2,i3,i5,i7,i8,i9,i10,i11,i12,i13,"
899,1,,,4,,,7,8,9,10,11,,,14,15,,"i1,i4,i7,i8,i9,i10,i11,i14,i15,"
900,1,2,3,4,,6,7,,9,10,,,13,,,16,"i1,i2,i3,i4,i6,i7,i9,i10,i13,i16"
901,,,3,,,,,8,,,,,,,,,"i3,i8,"
902,,2,3,4,5,,,8,9,10,,,13,,,16,"i2,i3,i4,i5,i8,i9,i10,i13,i16"
903,1,,,,,,7,,,,,,,,,,"i1,i7,"
904,1,,3,,,6,,,,10,,,13,14,,16,"i1,i3,i6,i10,i13,i14,i16"
905,,2,3,4,5,6,,,9,10,11,12,13,,15,16,"i2,i3,i4,i5,i6,i9,i10,i11,i12,i13,i15,i16"
906,,,3,4,,,,8,9,,11,,,14,15,,"i3,i4,i8,i9,i11,i14,i15,"
907,1,,,4,5,6,7,,9,10,11,12,,14,15,16,"i1,i4,i5,i6,i7,i9,i10,i11,i12,i14,i15,i16"
908,1,2,,4,,,,,9,,11,,13,14,,,"i1,i2,i4,i9,i11,i13,i14,"
909,,2,,,5,,7,,9,,,12,,,,,"i2,i5,i7,i9,i12,"
910,1,2,3,4,5,,,8,,,,12,,14,,16,"i1,i2,i3,i4,i5,i8,i12,i14,i16"
911,1,,3,,5,6,,8,9,10,11,12,13,,,,"i1,i3,i5,i6,i8,i9,i10,i11,i12,i13,"
912,,,,,5,6,,,,,,,,,,,"i5,i6,"
913,1,2,,,5,6,,8,9,,11,,13,,,,"i1,i2,i5,i6,i8,i9,i11,i13,"
914,1,2,3,,,,,,9,10,,12,,14,15,,"i1,i2,i3,i9,i10,i12,i14,i15,"
915,,,3,,5,6,,8,,,11,12,,,,16,"i3,i5,i6,i8,i11,i12,i16"
916,,2,3,4,5,,,8,,,,12,13,14,15,16,"i2,i3,i4,i5,i8,i12,i13,i14,i15,i16"
917,,,3,,,6,7,,,,11,,13,,15,,"i3,i6,i7,i11,i13,i15,"
918,,,3,,5,6,7,,,,11,12,,,,,"i3,i5,i6,i7,i11,i12,"
919,,,3,,5,,7,,9,,11,12,13,,15,16,"i3,i5,i7,i9,i11,i12,i13,i15,i16"
920,,,,,,,,,,10,11,,13,,,,"i10,i11,i13,"
921,1,2,,4,5,,,,9,10,11,12,13,14,15,16,"i1,i2,i4,i5,i9,i10,i11,i12,i13,i14,i15,i16"
922,1,,,,5,6,,8,9,10,,,,14,,16,"i1,i5,i6,i8,i9,i10,i14,i16"
923,,,3,,,6,7,,9,,,,,,15,,"i3,i6,i7,i9,i15,"
924,,2,3,,,,,8,9,10,,,,14,,,"i2,i3,i8,i9,i10,i14,"
925,,,3,,5,6,,8,,10,,12,,14,,16,"i3,i5,i6,i8,i10,i12,i14,i16"
926,,,,,,,,8,,,11,12,,,,16,"i8,i11,i12,i16"
927,1,2,3,,,,,8,9,,11,12,13,14,15,16,"i1,i2,i3,i8,i9,i11,i12,i13,i14,i15,i16"
928,,,3,,,,,8,9,,,,13,14,,,"i3,i8,i9,i13,i14,"
929,,,3,,,6,7,8,,10,11,,,14,15,16,"i3,i6,i7,i8,i10,i11,i14,i15,i16"
930,1,2,,4,,,,,,,11,12,,,,,"i1,i2,i4,i11,i12,"
931,1,2,,,5,,,8,,,11,12,13,14,,,"i1,i2,i5,i8,i11,i12,i13,i14,"
932,1,,3,4,5,6,,,,,11,,13,,15,16,"i1,i3,i4,i5,i6,i11,i13,i15,i16"
933,1,2,,,5,6,7,,9,10,,,,,15,16,"i1,i2,i5,i6,i7,i9,i10,i15,i16"
934,,,,4,,,,,9,,,12,,,,16,"i4,i9,i12,i16"
935,,,,4,,6,,,,10,11,,,,,16,"i4,i6,i10,i11,i16"
936,,,,4,,,7,,,,,12,13,14,15,,"i4,i7,i12,i13,i14,i15,"
937,1,,,,,6,,,9,10,,,,,,,"i1,i6,i9,i10,"
938,1,2,3,4,5,6,7,,,10,,,,14,15,16,"i1,i2,i3,i4,i5,i6,i7,i10,i14,i15,i16"
939,,,3,,5,,,,,,,,,,,,"i3,i5,"
940,,2,3,4,,,,,9,,11,,13,14,,16,"i2,i3,i4,i9,i11,i13,i14,i16"
941,1,,3,4,,,7,,,,,12,13,,15,,"i1,i3,i4,i7,i12,i13,i15,"
942,1,2,,4,,6,7,8,,10,,12,,14,15,16,"i1,i2,i4,i6,i7,i8,i10,i12,i14,i15,i16"
943,,2,,,5,,,,,,,,,14,,,"i2,i5,i14,"
944,1,,,4,5,6,7,,9,,,12,13,14,,16,"i1,i4,i5,i6,i7,i9,i12,i13,i14,i16"
945,,,,,,,7,,9,,11,,,,15,,"i7,i9,i11,i15,"
946,,2,3,,,6,,8,9,,,,13,,,,"i2,i3,i6,i8,i9,i13,"
947,1,,,,,6,,,,10,,,13,14,,,"i1,i6,i10,i13,i14,"
948,,,,,,6,,,,,11,,,,,,"i6,i11,"
949,,2,3,4,5,,7,,9,10,,12,13,14,,,"i2,i3,i4,i5,i7,i9,i10,i12,i13,i14,"
950,,2,,,,,,8,,,,,,14,,,"i2,i8,i14,"
951,1,2,3,4,5,6,,8,9,,11,12,13,,,,"i1,i2,i3,i4,i5,i6,i8,i9,i11,i12,i13,"
952,,2,3,,5,6,,8,9,10,11,,13,,15,,"i2,i3,i5,i6,i8,i9,i10,i11,i13,i15,"
953,,2,3,4,5,,,,,10,,,,,,16,"i2,i3,i4,i5,i10,i16"
954,,2,,4,,,,,,10,,,,14,15,16,"i2,i4,i10,i14,i15,i16"
955,1,,,4,5,6,7,8,9,10,11,,13,14,,,"i1,i4,i5,i6,i7,i8,i9,i10,i11,i13,i14,"
956,1,,,,,6,,8,9,,,,,,,,"i1,i6,i8,i9,"
957,,,,4,5,6,7,8,9,10,,,13,,,,"i4,i5,i6,i7,i8,i9,i10,i13,"
958,,2,3,,5,,7,,9,10,11,,,14,15,,"i2,i3,i5,i7,i9,i10,i11,i14,i15,"
959,1,,,,5,6,7,,,10,,,13,,,,"i1,i5,i6,i7,i10,i13,"
960,,,,,,,7,,,,,,,,,,"i7,"
961,1,,,4,,6,,8,9,10,,12,13,14,15,,"i1,i4,i6,i8,i9,i10,i12,i13,i14,i15,"
962,1,2,,4,5,,7,8,9,10,11,,,,15,,"i1,i2,i4,i5,i7,i8,i9,i10,i11,i15,"
963,,2,,4,,,7,,9,,,,13,14,15,16,"i2,i4,i7,i9,i13,i14,i15,i16"
964,1,2,,,,,,,9,10,11,,13,14,15,16,"i1,i2,i9,i10,i11,i13,i14,i15,i16"
965,,2,3,4,,,,8,9,,11,,,,15,16,"i2,i3,i4,i8,i9,i11,i15,i16"
966,,,3,,,,7,8,9,10,11,12,13,,15,16,"i3,i7,i8,i9,i10,i11,i12,i13,i15,i16"
967,1,,3,,5,,,8,,,11,,,14,,,"i1,i3,i5,i8,i11,i14,"
968,1,2,3,,5,,,8,,,11,12,,,,16,"i1,i2,i3,i5,i8,i11,i12,i16"
969,,2,3,,5,,7,8,9,10,11,,,14,15,,"i2,i3,i5,i7,i8,i9,i10,i11,i14,i15,"
970,1,,3,,5,6,,,,10,11,12,,14,15,16,"i1,i3,i5,i6,i10,i11,i12,i14,i15,i16"
971,1,,3,,,6,,,9,10,11,,,14,,16,"i1,i3,i6,i9,i10,i11,i14,i16"
972,,,3,,5,6,,,,,,,,14,15,,"i3,i5,i6,i14,i15,"
973,,2,3,,,6,,8,9,10,11,12,,,15,16,"i2,i3,i6,i8,i9,i10,i11,i12,i15,i16"
974,,,,,5,,,,,10,11,12,13,,15,16,"i5,i10,i11,i12,i13,i15,i16"
975,,2,3,4,,6,7,8,9,,,,,14,,16,"i2,i3,i4,i6,i7,i8,i9,i14,i16"
976,,,,,,,,,,,,,,,15,,"i15,"
977,,2,,,,,,8,,,,,,,,16,"i2,i8,i16"
978,,2,3,4,5,,,8,9,10,11,,13,,,,"i2,i3,i4,i5,i8,i9,i10,i11,i13,"
979,,,3,,,,,,,,,12,,,,,"i3,i12,"
980,,,3,,,,,,,,,12,,,15,16,"i3,i12,i15,i16"
981,1,2,3,,5,,7,8,9,,11,,,14,15,16,"i1,i2,i3,i5,i7,i8,i9,i11,i14,i15,i16"
982,,,,,5,6,,,,,,12,,,,,"i5,i6,i12,"
983,1,,,,,,7,,9,10,,,,,,,"i1,i7,i9,i10,"
984,1,,3,4,,6,7,8,9,,,,13,14,,16,"i1,i3,i4,i6,i7,i8,i9,i13,i14,i16"
985,,2,,4,,6,7,8,9,10,11,12,13,14,15,,"i2,i4,i6,i7,i8,i9,i10,i11,i12,i13,i14,i15,"
986,,,,,,,,,,,11,,13,,,,"i11,i13,"
987,1,2,3,,,,,8,,10,11,,,14,,,"i1,i2,i3,i8,i10,i11,i14,"
988,1,2,,,5,6,,,9,,,12,13,,15,16,"i1,i2,i5,i6,i9,i12,i13,i15,i16"
989,,,,,,,7,,,,,,,,,,"i7,"
990,,,3,4,,,7,,,10,11,12,13,14,,,"i3,i4,i7,i10,i11,i12,i13,i14,"
991,,2,,,,6,,8,,10,11,,,14,,16,"i2,i6,i8,i10,i11,i14,i16"
992,1,,3,,5,,,8,9,,,,13,,,,"i1,i3,i5,i8,i9,i13,"
993,,,3,,,6,,,,,,12,13,14,,16,"i3,i6,i12,i13,i14,i16"
994,,2,,,,,7,,,,,,,14,,16,"i2,i7,i14,i16"
995,1,,,,5,,,,9,10,11,,,,15,,"i1,i5,i9,i10,i11,i15,"
996,1,,,,5,6,,,,,,,13,,,16,"i1,i5,i6,i13,i16"
997,,,3,4,5,,7,8,9,,11,,13,,15,16,"i3,i4,i5,i7,i8,i9,i11,i13,i15,i16"
998,,,,,,,,,,10,,,,,,16,"i10,i16"
